stop_canonical,all_records,violations,exemptions,technical_rejections,dmv_rejections,exempt_reject_total,violation_share,exempt_reject_rate,exemption_rate,technical_reject_rate,dmv_reject_rate,longitude,latitude
MALCOLM X BLVD / W 125 ST,35893,24144,5402,3720,2627,11749,0.03154853605854982,0.3273340205611122,0.15050288357061264,0.10364137854177695,0.0731897584487226,-73.944829,40.807453
SAINT NICHOLAS AV / W 125 ST,26097,17012,4465,2795,1825,9085,0.022229278306330744,0.3481243054757252,0.17109246273518028,0.10710043299996168,0.0699314097405832,-73.949778,40.809549
CATHERINE ST / MADISON ST,27219,13112,11110,1376,1621,14107,0.017133217561286662,0.5182776736838238,0.4081707630699144,0.05055292259083728,0.059553988023072116,-74.000165,40.711335
2 AV / E 78 ST,18143,10490,4804,1352,1497,7653,0.013707096721926259,0.4218155762553051,0.26478531665105,0.07451909827481673,0.08251116132943835,-73.957469,40.770047
2 AV / E 125 ST,19372,10254,5358,1571,2189,9118,0.013398719712738975,0.47067933099318604,0.27658476151145983,0.0810964278339872,0.11299814164773901,-73.935293,40.801928
BROADWAY / W 178 ST,17758,10238,4141,1904,1475,7520,0.013377812796861873,0.423471111611668,0.2331906746255209,0.10721928145061381,0.08306115553553328,-73.937783,40.84829
AMSTERDAM AV / W 161 ST,20023,10215,5895,1939,1974,9808,0.013347759105288536,0.4898366878090196,0.29441142685911204,0.09683863556909554,0.09858662538081206,-73.940819,40.834546
ADAM C POWELL BLVD / W 125 ST,15183,10131,2016,1812,1224,5052,0.013237997796933739,0.3327405651057103,0.13278008298755187,0.11934400316143055,0.08061647895672792,-73.947177,40.808436
FREDERICK DOUGLASS BLVD / W 125 ST,15892,9980,3090,1603,1219,5912,0.013040688778343572,0.3720110747545935,0.1944374528064435,0.1008683614397181,0.07670526050843192,-73.951746,40.810462
AMSTERDAM AV / W 158 ST,17517,9900,3910,1889,1818,7617,0.012936154198958051,0.4348347319746532,0.22321173716960666,0.10783810013130102,0.1037848946737455,-73.941319,40.833744
BEEKMAN ST / PEARL ST,16471,9041,5575,806,1049,7430,0.011813714152806035,0.45109586546050634,0.3384736810151175,0.0489344909234412,0.06368769352194767,-74.000176,40.711302
3 AV / E 86 ST,18700,8690,6602,1766,1642,10010,0.011355068685752067,0.5352941176470588,0.35304812834224597,0.09443850267379679,0.08780748663101605,-73.952986,40.779162
1 AV / E 57 ST,14201,8639,3021,1515,1026,5562,0.0112884278913938,0.3916625589747201,0.21273149778184636,0.10668262798394479,0.07224843320892894,-73.960533,40.761518
1 AV / E 67 ST,14164,7658,3549,2026,931,6506,0.010006572611678864,0.45933352160406665,0.25056481219994353,0.14303868963569613,0.065730019768427,-73.955343,40.768677
FULTON ST / PEARL ST,15874,7398,5832,1556,1088,8476,0.009666835228675926,0.5339548947965226,0.36739322162025956,0.09802192264079627,0.0685397505354668,-74.00515,40.706799
BROADWAY / W 181 ST,13544,7179,3421,1540,1404,6365,0.009380671817608066,0.469949793266391,0.25258417011222684,0.11370348493797992,0.1036621382161843,-73.936499,40.849478
E 125 ST / PARK AV,12454,7077,3343,1173,861,5377,0.009247390228891528,0.43174883571543277,0.26842781435683316,0.09418660671270275,0.0691344146458969,-73.942644,40.80659
BROADWAY / W 176 ST,12211,7077,2764,1392,978,5134,0.009247390228891528,0.42044058635656373,0.22635328801899926,0.1139955777577594,0.0800917205798051,-73.938623,40.845712
10 AV / W 207 ST,11881,6918,1267,1674,2022,4963,0.009039627752362809,0.41772578065819377,0.10664085514687316,0.14089723087282216,0.17018769463849845,-73.918659,40.864829
AMSTERDAM AV / W 172 ST,9306,6768,948,1025,565,2538,0.00884362541601496,0.2727272727272727,0.10186976144422953,0.11014399312271653,0.06071351816032667,-73.936083,40.841064
AMSTERDAM AV / W 152 ST,11275,6565,2531,1072,1107,4710,0.008578368920824203,0.4177383592017738,0.2244789356984479,0.09507760532150776,0.09818181818181818,-73.944894,40.828871
1 AV / E 86 ST,13483,6447,4955,1100,981,7036,0.008424180416230562,0.5218423199584662,0.36749981458132464,0.08158421716235259,0.072758288214789,-73.947768,40.777788
5 AV / W 125 ST,10793,6423,2536,1032,802,4370,0.008392820042414905,0.40489205966830355,0.23496710831094228,0.09561752988047809,0.07430742147688317,-73.943122,40.80678
COLUMBUS AV / W 86 ST,11607,6208,4157,763,479,5399,0.008111883360316322,0.46515034031188074,0.35814594641164815,0.06573619367622986,0.04126820022400276,-73.972626,40.786723
1 AV / E 1 ST,10827,6171,2205,1616,835,4656,0.00806353611735052,0.43003602105846495,0.20365752285951788,0.1492564884086081,0.07712200979033897,-73.985107,40.727813
3 AV / E 79 ST,9661,5500,2593,1068,500,4161,0.0071867523327544735,0.43070075561536075,0.2683987164889763,0.1105475623641445,0.05175447676223993,-73.95623,40.774976
1 AV / E 79 ST,9650,5306,3163,727,454,4344,0.006933255977744588,0.4501554404145078,0.3277720207253886,0.07533678756476683,0.04704663212435233,-73.952135,40.772815
3 AV / E 14 ST,14283,5158,6715,1300,1110,9125,0.006739867005881377,0.6388713855632571,0.47013932647202966,0.09101729328572429,0.07771476580550304,-73.985039,40.736074
BROADWAY / W 172 ST,8693,5045,2113,734,801,3648,0.00659221191249933,0.41964799263775454,0.24306913608650638,0.08443575290463591,0.09214310364661221,-73.939234,40.842938
BROADWAY / W 190 ST,8194,5022,821,1542,809,3172,0.006562158220925993,0.38711252135709057,0.10019526482792288,0.18818647791066634,0.09873077861850134,-73.933189,40.855718
E 79 ST / LEXINGTON AV,11453,5005,5193,707,548,6448,0.006539944622806571,0.5629965947786606,0.45341831834453855,0.06173055094735004,0.047847725486772026,-73.959915,40.7742
BROADWAY / W 106 ST,11937,4990,5425,988,534,6947,0.006520344389171786,0.5819720197704615,0.45446929714333584,0.082767864622602,0.04473485800452375,-73.965948,40.805088
AMSTERDAM AV / W 125 ST,11149,4986,4399,1059,705,6163,0.00651511766020251,0.552785003139295,0.3945645349358687,0.09498609740783927,0.06323437079558705,-73.955683,40.812222
1 AV / E 116 ST,8467,4958,1882,813,814,3509,0.006478530557417578,0.4144325026573757,0.22227471359395298,0.09601984173851423,0.09613794732490846,-73.933427,40.798663
2 AV / E 23 ST,17669,4946,8399,916,3408,12723,0.00646285037050975,0.7200747071141548,0.4753523119587979,0.051842209519497424,0.1928801856358594,-73.981896,40.736597
3 AV / E 37 ST,10332,4946,3371,1116,899,5386,0.00646285037050975,0.5212930700735579,0.3262679055361982,0.10801393728222997,0.08701122725512969,-73.95482799999999,40.7781265
2 AV / E 86 ST,9136,4920,2652,817,747,4216,0.006428876632209456,0.46147110332749564,0.29028021015761823,0.08942644483362522,0.08176444833625218,-73.9526835,40.77737
2 AV / E 79 ST,9192,4919,3579,440,254,4273,0.006427569949967137,0.4648607484769365,0.3893603133159269,0.047867711053089644,0.02763272410791993,-73.955967,40.773774
3 AV / E 116 ST,9243,4723,2818,822,880,4520,0.006171460230472614,0.48901871686681814,0.3048793681705074,0.08893216488153197,0.09520718381477875,-73.938864,40.799467
1 AV / E 106 ST,8652,4716,2094,688,1154,3936,0.006162313454776381,0.4549237170596394,0.2420249653259362,0.07951918631530282,0.13337956541840038,-73.936742,40.794116
AMSTERDAM AV / W 165 ST,8544,4645,2075,1179,645,3899,0.006069539015571732,0.4563436329588015,0.24286048689138576,0.13799157303370788,0.07549157303370786,-73.939138,40.836597499999996
E 116 ST / LEXINGTON AV,8078,4543,2101,713,721,3535,0.005936257426855195,0.4376083188908146,0.2600891309730131,0.08826442188660559,0.08925476603119584,-73.942723,40.797149
BROADWAY / W 116 ST,11211,4528,5063,841,779,6683,0.00591665719322041,0.5961109624475961,0.45161002586745164,0.07501560966907501,0.06948532691106948,-73.965403,40.806088
E 125 ST / LEXINGTON AV,8572,4394,2705,994,479,4178,0.005741561772749665,0.48740083994400374,0.31556229584694356,0.11595893607092861,0.055879608026131594,-73.938009,40.804075
2 AV / E 115 ST,8748,4342,2637,761,1008,4406,0.005673614296149077,0.5036579789666209,0.301440329218107,0.08699131229995427,0.11522633744855967,-73.940394,40.793499
FORT GEORGE HILL / FT GEORGE AV,7400,4317,1024,1377,682,3083,0.005640947240091102,0.41662162162162164,0.13837837837837838,0.18608108108108107,0.09216216216216216,-73.929011,40.855445
AMSTERDAM AV / W 178 ST,6721,4222,814,965,720,2499,0.005516812427070797,0.37181966969201014,0.12111292962356793,0.14357982443088826,0.10712691563755393,-73.933802,40.844209
AMSTERDAM AV / W 145 ST,8325,4206,2631,810,678,4119,0.005495905511193694,0.4947747747747748,0.316036036036036,0.0972972972972973,0.08144144144144144,-73.94692,40.826158
3 AV / E 106 ST,8688,4154,3062,609,863,4534,0.005427958034593105,0.5218692449355433,0.35244014732965007,0.07009668508287292,0.09933241252302026,-73.943202,40.793549
DYCKMAN ST / SHERMAN AV,6337,4151,827,826,533,2186,0.005424037987866149,0.34495818210509704,0.13050339277260534,0.13034558939561305,0.08410919993687865,-73.925618,40.862923
BROADWAY / W 79 ST,9886,4086,4472,482,846,5800,0.005339103642115414,0.5866882460044507,0.4523568682986041,0.048755816305887115,0.08557556139995953,-73.979686,40.786964499999996
BROADWAY / W 175 ST,7719,4052,1891,944,832,3667,0.005294676445876568,0.47506153646845445,0.24497991967871485,0.12229563414950123,0.10778598264023838,-73.937956,40.847752
10 AV / W 202 ST,7226,4040,1095,1184,907,3186,0.00527899625896874,0.44090783282590645,0.15153611956822585,0.1638527539440908,0.1255189593135898,-73.9202035,40.862723
1 AV / E 29 ST,8761,3844,3838,678,401,4917,0.005022886539474217,0.5612373016778907,0.4380778449948636,0.07738842597876955,0.045771030704257504,-73.974807,40.741948
E 124 ST / LEXINGTON AV,7443,3805,2472,622,544,3638,0.004971925932023776,0.4887814053473062,0.332124143490528,0.08356845358054547,0.07308880827623271,-73.939001,40.80223
3 AV / E 33 ST,8161,3773,2904,713,771,4388,0.004930112100269568,0.5376792059796593,0.35583874525180736,0.08736674427153535,0.09447371645631662,-73.975139,40.749712
AMSTERDAM AV / W 135 ST,8179,3753,3239,688,499,4426,0.0049039784554231886,0.5411419488935078,0.3960141826629172,0.08411786281941558,0.06100990341117496,-73.953246,40.817503
2 AV / E 13 ST,6679,3746,1566,958,409,2933,0.004894831679726956,0.4391375954484204,0.2344662374606977,0.1434346459050756,0.0612367120826471,-73.987903,40.728272
3 AV / E 99 ST,7445,3743,2591,619,492,3702,0.004890911632999998,0.49724647414372064,0.3480188045668234,0.08314304902619207,0.06608462055070517,-73.945409,40.790532
E 86 ST / MADISON AV,8457,3736,3571,706,444,4721,0.0048817648573037655,0.5582357810098143,0.42225375428638995,0.08348113988411966,0.05250088683930472,-73.958204,40.78099398681245
3 AV / E 23 ST,9279,3735,4066,955,523,5544,0.004880458175061447,0.597478176527643,0.43819377088048284,0.10292057333764414,0.05636383230951611,-73.984261,40.738149
BROADWAY / W 171 ST,6555,3731,1641,647,536,2824,0.004875231446092171,0.43081617086193746,0.25034324942791764,0.09870327993897787,0.08176964149504196,-73.938693,40.845464
AMSTERDAM AV / W 138 ST,7138,3713,2114,789,522,3425,0.004851711165730429,0.47982628187167276,0.2961613897450266,0.11053516391145979,0.07312972821518633,-73.951125,40.8201335
AMSTERDAM AV / W 167 ST,5346,3686,687,579,394,1660,0.004816430745187816,0.31051253273475493,0.12850729517396184,0.10830527497194165,0.07369996258885148,-73.936417,40.840551
2 AV / E 14 ST,7369,3641,2916,396,416,3728,0.004757630044283461,0.5059031076129733,0.39571176550413895,0.05373863482154974,0.05645270728728457,-73.983857,40.731886
BROADWAY / FAIRVIEW AV,6370,3635,1261,925,549,2735,0.004749789950829547,0.4293563579277865,0.19795918367346937,0.14521193092621665,0.08618524332810047,-73.93227,40.857409
3 AV / E 42 ST,7406,3634,2088,996,688,3772,0.004748483268587228,0.5093167701863354,0.2819335673778018,0.13448555225492845,0.09289765055360519,-73.973659,40.75197330143857
2 AV / E 68 ST,7131,3612,2300,558,661,3519,0.004719736259256211,0.49347917543121583,0.32253540877857245,0.07824989482541019,0.09269387182723321,-73.962314,40.763481
3 AV / E 72 ST,6343,3583,1460,713,587,2760,0.004681842474228959,0.43512533501497713,0.23017499605864733,0.11240737821220242,0.09254296074412738,-73.959086,40.771724
SOUTH FERRY TERM / SOUTH FERRY TERM,6748,3573,1945,814,416,3175,0.00466877565180577,0.4705097806757558,0.28823355068168344,0.12062833432128038,0.06164789567279194,-74.010899,40.703135
BROADWAY / W 168 ST,7623,3557,2617,934,515,4066,0.0046478687359286655,0.5333858061130788,0.3433031614849797,0.1225239407057589,0.06755870392234029,-73.9401640233978,40.840446
AMSTERDAM AV / W 155 ST,7532,3545,2615,709,663,3987,0.004632188549020837,0.5293414763674986,0.3471853425385024,0.09413170472650026,0.08802442910249601,-73.942004,40.8329
AMSTERDAM AV / W 143 ST,6777,3503,2052,709,513,3274,0.00457730789484344,0.4831046185627859,0.30278884462151395,0.10461856278589346,0.07569721115537849,-73.949638,40.822451
AMSTERDAM AV / W 168 ST,6275,3499,1737,567,472,2776,0.004572081165874164,0.44239043824701196,0.27681274900398406,0.0903585657370518,0.0752191235059761,-73.938436,40.837862
1 AV / MITCHELL PL,8369,3405,3734,693,537,4964,0.004449253035096178,0.5931413550005974,0.4461703907276855,0.0828055920659577,0.06416537220695423,-73.964704,40.755806
COLUMBUS AV / W 80 ST,6256,3369,2290,313,284,2887,0.004402212474372695,0.4614769820971867,0.36604859335038364,0.050031969309462916,0.04539641943734015,-73.976855,40.782554
1 AV / E 14 ST,8068,3282,2745,1540,501,4786,0.004288531119290942,0.5932077342588002,0.340233019335647,0.1908775409023302,0.062097174020823,-73.982754,40.731434
2 AV / E 42 ST,6412,3273,2194,505,440,3139,0.004276770979110071,0.48955084217092953,0.34217092950717404,0.07875857766687461,0.06862133499688085,-73.9733785,40.7484745
BROADWAY / W 187 ST,6827,3224,2161,1027,415,3603,0.00421274354923644,0.5277574337190567,0.3165372784532005,0.15043210780723598,0.06078804745862018,-73.933245,40.855523
AMSTERDAM AV / W 149 ST,6083,3119,1946,578,440,2964,0.004075541913792946,0.4872595758671708,0.31990794016110474,0.09501890514548743,0.07233273056057866,-73.945043,40.828738
2 AV / E 87 ST,5794,3057,1366,644,727,2737,0.003994527614769168,0.47238522609596134,0.23576113220573006,0.1111494649637556,0.12547462892647565,-73.953233,40.775912
AMSTERDAM AV / W 140 ST,5725,3031,1548,614,532,2694,0.003960553876468874,0.47056768558951967,0.2703930131004367,0.10724890829694324,0.09292576419213974,-73.950209,40.821457
AMSTERDAM AV / W 86 ST,5629,3023,1949,305,352,2606,0.003950100418530322,0.46295967312133596,0.3462426718777758,0.05418369159708652,0.06253330964647362,-73.974084,40.787306
3 AV / E 39 ST,6711,3014,1970,929,798,3697,0.003938340278349451,0.5508866040828491,0.2935479064222918,0.13842944419609596,0.11890925346446134,-73.95605,40.770626
E 86 ST / LEXINGTON AV,5046,2936,1420,396,294,2110,0.0038364190634485695,0.4181529924692826,0.2814110186286167,0.07847800237812129,0.05826397146254459,-73.956581,40.77982
SOUTH FERRY / TERMINAL,4386,2873,1016,321,176,1513,0.003754098082182473,0.3449612403100775,0.23164614683082535,0.073187414500684,0.04012767897856817,-74.01128,40.7028245
5 AV / E 84 ST,6907,2830,2697,647,733,4077,0.0036979107457627562,0.5902707398291588,0.3904734327493847,0.09367308527580716,0.106124221803967,-73.9622179903478,40.779162992214914
1 AV / E 81 ST,5007,2811,635,1131,430,2196,0.003673083783158695,0.4385859796285201,0.1268224485719992,0.22588376273217495,0.08587976832434592,-73.951086,40.774476
AMSTERDAM AV / W 131 ST,7127,2791,3381,500,455,4336,0.0036469501383123155,0.608390627192367,0.47439315279921423,0.07015574575557738,0.06384172863757542,-73.955029,40.81512
AMSTERDAM AV / W 170 ST,4613,2761,1008,516,328,1852,0.0036077496710427456,0.401474094949057,0.21851289833080426,0.1118577931931498,0.07110340342510298,-73.936769,40.839872
AMSTERDAM AV / W 173 ST,4915,2750,624,966,575,2165,0.0035933761663772368,0.4404883011190234,0.1269582909460834,0.1965412004069176,0.11698880976602238,-73.933495,40.844554
AMSTERDAM AV / W 156 ST,5751,2721,1757,477,796,3030,0.003555482381349986,0.5268648930620762,0.30551208485480785,0.08294209702660407,0.13841071118066423,-73.943952,40.83014
3 AV / E 97 ST,4412,2691,1138,354,229,1721,0.003516281914080416,0.3900725294650952,0.25793291024478693,0.08023572076155938,0.05190389845874887,-73.948706,40.786032
BROADWAY / SHERMAN AV,5477,2661,1631,731,454,2816,0.003477081446810846,0.5141500821617674,0.29779076136571114,0.1334672265838963,0.08289209421215994,-73.928865,40.864514
E 96 ST / LEXINGTON AV,5584,2621,1647,723,593,2963,0.0034248141571180863,0.5306232091690545,0.29494985673352436,0.12947707736389685,0.10619627507163323,-73.9528815,40.7832405
BROADWAY / DYCKMAN ST,3886,2617,361,517,391,1269,0.00341958742814881,0.3265568708183222,0.09289758106021616,0.1330416881111683,0.10061760164693773,-73.926612,40.864476
1 AV / E 97 ST,6760,2592,2962,385,821,4168,0.0033869203720908354,0.6165680473372781,0.4381656804733728,0.05695266272189349,0.12144970414201184,-73.942565,40.786193
AMSTERDAM AV / W 184 ST,3536,2577,305,403,251,959,0.0033673201384560505,0.271210407239819,0.08625565610859728,0.11397058823529412,0.0709841628959276,-73.930597,40.848606
AMSTERDAM AV / W 120 ST,6155,2536,2670,455,494,3619,0.0033137461665209717,0.5879772542648254,0.4337936636880585,0.07392363931762795,0.08025995125913891,-73.957647,40.811471
10 AV / SHERMAN AV,4161,2481,446,865,369,1680,0.003241878643193427,0.40374909877433307,0.10718577265080509,0.20788272049987983,0.08868060562364816,-73.916765,40.867385
E 87 ST / YORK AV,6135,2479,2917,299,440,3656,0.003239265278708789,0.5959250203748981,0.4754686226568867,0.04873675631621842,0.07171964140179299,-73.948006,40.776433
ALLEN ST / GRAND ST,4052,2471,731,584,266,1581,0.0032288118207702368,0.390177690029615,0.18040473840078974,0.1441263573543929,0.06564659427443238,-73.990038,40.719605
BROADWAY / W 192 ST,4060,2447,368,906,339,1613,0.003197451446954581,0.3972906403940887,0.09064039408866995,0.2231527093596059,0.08349753694581281,-73.932395,40.857224
E 125 ST / MADISON AV,5353,2439,2162,471,281,2914,0.0031869979890160292,0.544367644311601,0.4038856715860265,0.08798804408742761,0.052493928638146836,-73.94027,40.804981
3 AV / E 60 ST,5524,2428,2495,325,276,3096,0.00317262448435052,0.560463432295438,0.4516654598117306,0.05883417813178856,0.0499637943519189,-73.963146,40.766270500000005
AMSTERDAM AV / W 129 ST,5338,2424,2148,437,329,2914,0.0031673977553812443,0.5458973398276508,0.4023979018358936,0.0818658673660547,0.06163357062570251,-73.95481699999999,40.815098
AMSTERDAM AV / W 181 ST,5309,2419,853,476,1561,2890,0.003160864344169649,0.5443586362780185,0.16067055942738745,0.0896590695046148,0.2940290073460162,-73.929973,40.849331
3 AV / E 24 ST,5150,2279,1798,691,382,2871,0.00297792883024499,0.5574757281553399,0.349126213592233,0.1341747572815534,0.0741747572815534,-73.9812305,40.741088
E 79 ST / MADISON AV,4873,2265,1707,412,489,2608,0.002959635278852524,0.5351939257131131,0.35029755797250156,0.08454750666940283,0.1003488610712087,-73.961524,40.776375
BROADWAY / W 193 ST,4255,2245,1363,370,277,2010,0.002933501634006144,0.47238542890716806,0.32032902467685076,0.08695652173913043,0.06509988249118684,-73.931178,40.859738
3 AV / E 67 ST,4265,2223,830,905,307,2042,0.002904754624675126,0.4787807737397421,0.19460726846424384,0.21219226260257915,0.07198124267291911,-73.9618,40.768077
2 AV / E 95 ST,4831,2215,1403,662,551,2616,0.0028943011667365744,0.5415027944524943,0.29041606292693023,0.13703167046160214,0.11405506106396192,-73.949206,40.781571
ALLEN ST / HESTER ST,3970,2210,1027,343,390,1760,0.0028877677555249792,0.4433249370277078,0.25869017632241814,0.08639798488664988,0.0982367758186398,-73.9926905,40.713724
AMSTERDAM AV / W 148 ST,5265,2180,1784,352,949,3085,0.0028485672882554093,0.5859449192782527,0.3388414055080722,0.06685660018993353,0.18024691358024691,-73.946825,40.826337
7 AV / W 34 ST,5504,2170,2635,289,410,3334,0.0028355004658322195,0.6057412790697675,0.47874273255813954,0.05250726744186047,0.07449127906976744,-73.9904225,40.750884
BROADWAY / W 185 ST,5810,2157,2724,580,349,3653,0.0028185135966820726,0.6287435456110155,0.4688468158347676,0.09982788296041308,0.06006884681583477,-73.935243,40.851176
2 AV / E 96 ST,4290,2148,1488,368,286,2142,0.0028067534565012014,0.4993006993006993,0.34685314685314683,0.08578088578088579,0.06666666666666667,-73.9490315,40.7819025
1 AV / E 28 ST,4284,2102,1746,221,215,2182,0.002746646073354528,0.5093370681605975,0.40756302521008403,0.051587301587301584,0.050186741363211954,-73.974823,40.741932
CENTRAL PK WEST / W 86 ST,4238,2083,1780,213,162,2155,0.002721819110750467,0.5084945729117508,0.4200094384143464,0.05025955639452572,0.038225578102878716,-73.970665,40.785864
E 34 ST / LEXINGTON AV,3400,2071,830,268,231,1329,0.002706138923842639,0.39088235294117646,0.24411764705882352,0.07882352941176471,0.06794117647058824,-73.982493,40.742496
2 AV / E 32 ST,3153,2057,701,228,167,1096,0.002687845372450173,0.34760545512210594,0.2223279416428798,0.07231208372978117,0.05296542974944497,-73.977482,40.742666
AMSTERDAM AV / W 150 ST,3392,2021,699,427,245,1371,0.002640804811726689,0.404186320754717,0.20607311320754718,0.12588443396226415,0.07222877358490566,-73.945989,40.827479
2 AV / E 33 ST,3774,2002,553,981,238,1772,0.0026159778491226283,0.46952835188129305,0.14652888182299947,0.2599364069952305,0.06306306306306306,-73.977421,40.742753
WALL ST / WATER ST,3250,1915,831,242,262,1335,0.0025022964940408757,0.4107692307692308,0.2556923076923077,0.07446153846153847,0.08061538461538462,-74.010381,40.703306
AMSTERDAM AV / W 164 ST,3252,1910,850,286,206,1342,0.0024957630828292806,0.41266912669126693,0.2613776137761378,0.08794587945879459,0.06334563345633457,-73.938112,40.838226500000005
AMSTERDAM AV / W 183 ST,3181,1867,542,409,363,1314,0.0024395757464095637,0.41307764853819556,0.17038667085822068,0.12857591952216285,0.114115058157812,-73.928403,40.85152
SAINT NICHOLAS AV / W 167 ST,3493,1852,1016,331,294,1641,0.002419975512774779,0.46979673632980246,0.29086744918408247,0.09476095047237332,0.0841683366733467,-73.939228,40.842634
E 59 ST / LEXINGTON AV,4530,1814,1927,359,430,2716,0.002370321587566657,0.5995584988962472,0.42538631346578365,0.07924944812362031,0.09492273730684327,-73.9697625,40.7600695
3 AV / E 9 ST,3316,1806,766,484,260,1510,0.0023598681296281053,0.45536791314837155,0.2310012062726176,0.14595898673100122,0.07840772014475271,-73.9883865,40.7314135
GOUVERNEUR LN / WATER ST,3126,1771,649,519,187,1355,0.0023141342511469403,0.4334612923864363,0.2076135636596289,0.16602687140115163,0.05982085732565579,-74.0105595,40.703234
CENTRAL PARK WEST / W 81 ST,3819,1745,1693,173,208,2074,0.0022801605128466465,0.5430741031683687,0.4433097669547002,0.04529981670594396,0.05446451950772453,-73.972891,40.782531
1 AV / E 25 ST,4049,1739,2016,125,169,2310,0.0022723204193927323,0.5705112373425537,0.4979007162262287,0.03087182020251914,0.041738700913805875,-73.976929,40.739013
E 106 ST / LEXINGTON AV,3335,1734,978,380,243,1601,0.0022657870081811376,0.4800599700149925,0.29325337331334334,0.11394302848575712,0.07286356821589206,-73.948144,40.789711
2 AV / E 103 ST,5503,1722,2551,342,888,3781,0.0022501068212733098,0.6870797746683627,0.4635653280029075,0.06214791931673633,0.16136652734871887,-73.945888,40.786006
10 AV / W 211 ST,2427,1698,198,291,240,729,0.0022187464474576536,0.3003708281829419,0.0815822002472188,0.11990111248454882,0.09888751545117429,-73.918093,40.865592
E 72 ST / LEXINGTON AV,2953,1686,814,257,196,1267,0.0022030662605498257,0.4290551981036234,0.2756518794446326,0.08703013884185574,0.06637317981713511,-73.963313,40.768908
BROADWAY / W 120 ST,4283,1685,1895,299,404,2598,0.0022017595783075067,0.6065841699743171,0.4424468830259164,0.06981088022414196,0.0943264067242587,-73.96178190792176,40.809725
<MISSING STOP>,6039,1680,2828,613,918,4359,0.002195226167095912,0.7218082463984103,0.4682894518960093,0.10150687199867528,0.15201192250372578,-73.948696,40.802997
1 AV / E 15 ST,4485,1666,1948,408,463,2819,0.002176932615703446,0.6285395763656634,0.4343366778149387,0.09096989966555184,0.1032329988851728,-73.978818,40.736437
3 AV / E 17 ST,4366,1654,1851,568,293,2712,0.0021612524287956177,0.6211635364177737,0.423957856161246,0.13009619789280807,0.06710948236371965,-73.9844,40.737058
PINE ST / WATER ST,3654,1631,1340,372,311,2023,0.002131198737222281,0.553639846743295,0.3667214012041598,0.10180623973727422,0.08511220580186098,-74.0064255,40.705875
BROADWAY / W 184 ST,3418,1624,873,314,607,1794,0.0021220519615260483,0.5248683440608543,0.2554125219426565,0.09186658864833236,0.1775892334698654,-73.934574,40.8524145
ALLEN ST / E HOUSTON ST,3260,1606,677,755,222,1654,0.0020985316811643062,0.507361963190184,0.2076687116564417,0.23159509202453987,0.06809815950920245,-73.9902515,40.719771
E 114 ST / LEXINGTON AV,3270,1574,1041,381,274,1696,0.0020567178494100983,0.5186544342507645,0.318348623853211,0.11651376146788991,0.0837920489296636,-73.942895,40.796532
8 AV / W 42 ST,3070,1564,925,437,144,1506,0.0020436510269869084,0.4905537459283388,0.30130293159609123,0.14234527687296417,0.046905537459283386,-73.99078979970992,40.75774077707555
AMSTERDAM AV / LA SALLE ST,2930,1549,944,254,183,1381,0.0020240507933521235,0.4713310580204778,0.3221843003412969,0.08668941979522184,0.062457337883959047,-73.955059,40.811953
AMSTERDAM AV / W 175 ST,15688,1545,13498,395,250,14143,0.0020188240643828474,0.9015170831208567,0.8604028556858746,0.02517848036715961,0.01593574706782254,-73.934823,40.842765
E 91 ST / YORK AV,4224,1531,2205,232,256,2693,0.0020005305129903814,0.6375473484848485,0.5220170454545454,0.054924242424242424,0.06060606060606061,-73.945971,40.777605
5 AV / E 96 ST,2752,1515,369,660,208,1237,0.0019796235971132775,0.44949127906976744,0.13408430232558138,0.23982558139534885,0.0755813953488372,-73.95753865931857,40.7856444164495
E 68 ST / LEXINGTON AV,2936,1502,986,267,181,1434,0.0019626367279631306,0.4884196185286104,0.3358310626702997,0.0909400544959128,0.06164850136239782,-73.96588750000001,40.7653875
DELANCEY ST / ESSEX ST,2739,1501,647,291,300,1238,0.0019613300457208115,0.4519897772909821,0.2362175976633808,0.10624315443592552,0.10952902519167579,-73.987861,40.719982
MORNINGSIDE AV / W 125 ST,2545,1490,569,304,182,1055,0.0019469565410553027,0.41453831041257366,0.22357563850687623,0.11944990176817288,0.07151277013752456,-73.953204,40.810984
5 AV / E 125 ST,2253,1426,316,308,203,827,0.001863328877546887,0.3670661340434976,0.14025743453173548,0.13670661340434975,0.09010208610741234,-73.941484,40.805966
RIVERSIDE DR / W 79 ST,2784,1382,1041,164,197,1402,0.0018058348588848513,0.5035919540229885,0.3739224137931034,0.05890804597701149,0.07076149425287356,-73.979935,40.787668499999995
2 AV / E 28 ST,2878,1363,901,363,251,1515,0.0017810078962807903,0.5264072272411396,0.3130646282140375,0.12612925642807504,0.0872133425990271,-73.9797195,40.739502
ADAM C POWELL BLVD / W 116 ST,2229,1362,290,298,279,867,0.0017797012140384713,0.38896366083445494,0.1301031852848811,0.13369223867205024,0.12516823687752354,-73.951168,40.802611
3 AV / E 50 ST,2574,1358,766,235,215,1216,0.0017744744850691954,0.47241647241647244,0.2975912975912976,0.0912975912975913,0.08352758352758352,-73.9704275,40.756211
2 AV / E 50 ST,3752,1308,1715,413,316,2444,0.0017091403729532456,0.6513859275053305,0.457089552238806,0.11007462686567164,0.08422174840085288,-73.970785,40.7517835
AV A / EAST HOUSTON ST,2509,1305,631,426,147,1204,0.0017052203262262885,0.47987245914707055,0.251494619370267,0.1697887604623356,0.05858907931446791,-73.986983,40.720944
1 AV / E 34 ST,4796,1268,2695,307,526,3528,0.0016568730832604859,0.7356130108423686,0.5619266055045872,0.0640116763969975,0.10967472894078399,-73.9721125,40.745721
2 AV / E 106 ST,2424,1217,866,135,206,1207,0.001590232288902217,0.49793729372937295,0.3572607260726073,0.055693069306930694,0.08498349834983498,-73.9448375,40.7874555
AMSTERDAM AV / W 185 ST,1960,1202,245,279,234,758,0.001570632055267432,0.386734693877551,0.125,0.14234693877551022,0.11938775510204082,-73.9297,40.849835
E 95 ST / MADISON AV,2414,1189,734,375,116,1225,0.0015536451861172852,0.5074565037282519,0.304059652029826,0.15534382767191385,0.048053024026512015,-73.95251852733563,40.789412968807504
3 AV / E 104 ST,2317,1165,728,258,166,1152,0.0015222848123016292,0.49719464825205006,0.31419939577039274,0.11135088476478204,0.07164436771687527,-73.945158,40.790908
BENNETT AV / BROADWAY,2289,1134,691,310,154,1155,0.0014817776627897405,0.5045871559633027,0.3018785495849716,0.13543031891655744,0.0672782874617737,-73.931858,40.858244
MALCOLM X BLVD / W 116 ST,1877,1130,310,228,209,747,0.0014765509338204644,0.3979754928076718,0.16515716568993075,0.12147043153969099,0.11134789557805008,-73.950682,40.802466
7 AV / W 23 ST,1986,1127,541,204,114,859,0.0014726308870935075,0.432527693856999,0.27240684793554887,0.1027190332326284,0.05740181268882175,-73.996269,40.7443975
3 AV / E 21 ST,3175,1109,1579,293,194,2066,0.0014491106067317655,0.6507086614173229,0.4973228346456693,0.09228346456692914,0.06110236220472441,-73.984041,40.737286
AV A / E 5 ST,2156,1079,540,364,173,1077,0.0014099101394621958,0.4995361781076067,0.2504638218923933,0.16883116883116883,0.08024118738404452,-73.985206,40.7242415
ASTOR PL / COOPER SQ EAST,2041,1071,541,279,150,970,0.0013994566815236438,0.47525722684958355,0.26506614404703577,0.13669769720725133,0.07349338559529642,-73.989383,40.730154
AMSTERDAM AV / W 147 ST,1788,1054,323,250,161,734,0.0013772430834042208,0.4105145413870246,0.18064876957494408,0.13982102908277405,0.09004474272930649,-73.946055,40.827324
AMSTERDAM AV / W 79 ST,2354,1052,927,195,180,1302,0.0013746297189195828,0.5531011045029737,0.39379779099405265,0.08283772302463892,0.07646559048428207,-73.978012,40.78356
E 14 ST / IRVING PL,3335,1051,1858,298,128,2284,0.001373323036677264,0.6848575712143928,0.5571214392803598,0.08935532233883059,0.038380809595202396,-73.99177,40.735246
3 AV / E 102 ST,2401,1039,918,253,191,1362,0.0013576428497694359,0.5672636401499376,0.3823406913785923,0.10537276134943774,0.07955018742190754,-73.946299,40.789261
AMSTERDAM AV / W 190 ST,2166,1028,563,182,393,1138,0.001343269345103927,0.5253924284395198,0.25992613111726687,0.0840258541089566,0.1814404432132964,-73.927507,40.852783
3 AV / E 121 ST,2442,1013,926,274,229,1429,0.001323669111469142,0.5851760851760852,0.37919737919737917,0.1122031122031122,0.09377559377559377,-73.937038,40.802004
5 AV / CENTRAL PARK NORTH,2260,999,309,783,169,1261,0.0013053755600766761,0.5579646017699115,0.13672566371681416,0.34646017699115045,0.0747787610619469,-73.95004477661602,40.79727450363417
5 AV / E 102 ST,1581,996,201,314,70,585,0.001301455513349719,0.3700189753320683,0.127134724857685,0.19860847564832385,0.044275774826059454,-73.95390334822218,40.790557190811754
ALLEN ST / EAST HOUSTON ST,1533,982,375,99,77,551,0.0012831619619572531,0.3594259621656882,0.2446183953033268,0.06457925636007827,0.0502283105022831,-73.990696,40.718831
E 98 ST / MADISON AV,1985,979,504,405,97,1006,0.0012792419152302963,0.506801007556675,0.253904282115869,0.2040302267002519,0.048866498740554154,-73.9520222514613,40.79005189516655
E 100 ST / LEXINGTON AV,2617,966,1175,325,151,1651,0.0012622550460801493,0.630875047764616,0.4489873901413833,0.1241880015284677,0.057699656094764996,-73.950047,40.787049
BROADWAY / W 86 ST,1721,961,561,124,75,760,0.0012557216348685542,0.44160371876815807,0.32597327135386406,0.07205113306217316,0.04357931435212086,-73.975812,40.788028
5 AV / E 34 ST,3403,956,1739,132,576,2447,0.0012491882236569593,0.7190714075815456,0.5110196885101381,0.03878930355568616,0.1692624155157214,-73.982549,40.747567
E 122 ST / LEXINGTON AV,1945,948,662,203,132,997,0.0012387347657184073,0.5125964010282776,0.3403598971722365,0.10437017994858612,0.067866323907455,-73.940385,40.800341
1 AV / E 23 ST,2966,944,1360,180,482,2022,0.0012335080367491314,0.681726230613621,0.45853000674308836,0.060687795010114634,0.16250842886041808,-73.978815,40.7370625
E 79 ST / YORK AV,2382,929,1173,171,109,1453,0.0012139078031143465,0.6099916036943744,0.4924433249370277,0.07178841309823678,0.04575986565910999,-73.950912,40.771739
AMSTERDAM AV / W 171 ST,11739,926,10490,214,109,10813,0.0012099877563873894,0.9211176420478746,0.8936025215094983,0.018229832183320555,0.009285288355055796,-73.935023,40.842464
COLUMBUS AV / W 81 ST,2149,925,1044,87,93,1224,0.0012086810741450704,0.5695672405770126,0.48580735225686367,0.04048394602140531,0.043275942298743604,-73.9734,40.782723
E 42 ST / PARK AV,2268,909,979,244,136,1359,0.0011877741582679666,0.5992063492063492,0.431657848324515,0.10758377425044091,0.059964726631393295,-73.97700837600276,40.751818331387895
3 AV / E 125 ST,2536,881,1285,236,134,1655,0.0011511870554830347,0.652602523659306,0.5067034700315457,0.09305993690851735,0.0528391167192429,-73.9368645,40.804033
3 AV / E 11 ST,1782,880,468,292,142,902,0.0011498803732407157,0.5061728395061729,0.26262626262626265,0.1638608305274972,0.07968574635241302,-73.987753,40.731809999999996
5 AV / W 42 ST,2096,845,755,371,125,1251,0.001104146494759551,0.5968511450381679,0.36020992366412213,0.17700381679389313,0.059637404580152674,-73.98153892341165,40.75307957477318
CLINTON ST / GRAND ST,1496,840,474,117,65,656,0.001097613083547956,0.4385026737967914,0.31684491978609625,0.07820855614973261,0.04344919786096257,-73.9860165,40.7157435
10 AV / W 214 ST,1352,839,237,159,117,513,0.001096306401305637,0.37943786982248523,0.1752958579881657,0.11760355029585799,0.08653846153846154,-73.91648649999999,40.8678865
SAINT NICHOLAS AV / W 163 ST,2275,824,1157,124,170,1451,0.001076706167670852,0.6378021978021978,0.5085714285714286,0.05450549450549451,0.07472527472527472,-73.939905,40.83901
10 AV / W 215 ST,1385,821,244,116,204,564,0.001072786120943895,0.4072202166064982,0.17617328519855596,0.08375451263537906,0.1472924187725632,-73.913897,40.871256
179 ST / BROADWAY,1453,819,359,171,104,634,0.001070172756459257,0.4363386097728837,0.24707501720578115,0.11768754301445286,0.07157604955264969,-73.936275,40.849626
BROADWAY / W 147 ST,1540,813,153,454,120,727,0.001062332663005343,0.4720779220779221,0.09935064935064936,0.2948051948051948,0.07792207792207792,-73.95032199436442,40.826872481785536
E 50 ST / LEXINGTON AV,1659,804,567,196,92,855,0.0010505725228244721,0.515370705244123,0.34177215189873417,0.11814345991561181,0.055455093429776975,-73.975091,40.752735
E 85 ST / LEXINGTON AV,1751,794,400,332,225,957,0.001037505700401282,0.5465448315248429,0.2284408909194746,0.1896059394631639,0.12849800114220444,-73.956272,40.778422
BROADWAY / TIEMANN PL,1945,793,349,524,279,1152,0.001036199018158963,0.5922879177377892,0.1794344473007712,0.26940874035989715,0.14344473007712083,-73.9587797611575,40.81501682371041
E 72 ST / MADISON AV,1614,786,286,425,117,828,0.00102705224246273,0.5130111524163569,0.1771995043370508,0.26332094175960347,0.0724907063197026,-73.96418051390803,40.773396948073106
BROADWAY / W 179 ST,1471,784,421,150,116,687,0.0010244388779780923,0.46702923181509176,0.28619986403806935,0.10197144799456152,0.07885791978246091,-73.936788,40.849177
2 AV / E 56 ST,1856,783,615,242,216,1073,0.0010231321957357732,0.578125,0.33135775862068967,0.13038793103448276,0.11637931034482758,-73.966835,40.757276
AMSTERDAM AV / W 176 ST,1417,782,204,208,223,635,0.0010218255134934542,0.4481298517995766,0.14396612561750177,0.14678899082568808,0.15737473535638674,-73.932641,40.845717
10 AV / W 23 ST,2051,778,1003,203,67,1273,0.0010165987845241781,0.620672842515846,0.48902974158946855,0.09897610921501707,0.03266699171136031,-74.004469,40.74787
2 AV / E 116 ST,1293,769,251,160,113,524,0.0010048386443433073,0.4052590873936582,0.19412219644238204,0.12374323279195669,0.08739365815931942,-73.937379,40.796897
7 AV / W 42 ST,3691,757,2351,300,283,2934,0.0009891584574354792,0.7949065293958277,0.6369547548089949,0.0812787862367922,0.07667298835004063,-73.98813624196067,40.75660858293471
3 AV / E 69 ST,1611,753,259,504,95,858,0.0009839317284662033,0.5325884543761639,0.16076970825574177,0.3128491620111732,0.058969584109248914,-73.961514,40.768524
E 42 ST / LEXINGTON AV,1905,752,825,178,150,1153,0.0009826250462238843,0.605249343832021,0.4330708661417323,0.09343832020997375,0.07874015748031496,-73.97684,40.750456
E 79 ST / EAST END AV,1372,751,496,76,49,621,0.0009813183639815653,0.45262390670553937,0.36151603498542273,0.05539358600583091,0.03571428571428571,-73.9497105,40.771102
3 AV / E 118 ST,1324,746,309,138,131,578,0.0009747849527699704,0.43655589123867067,0.23338368580060423,0.1042296072507553,0.09894259818731117,-73.93854999999999,40.799440000000004
E 110 ST / LEXINGTON AV,1516,742,431,194,149,774,0.0009695582238006944,0.5105540897097626,0.2843007915567282,0.1279683377308707,0.09828496042216359,-73.9449485,40.7939825
ESSEX ST / GRAND ST,1824,732,900,106,86,1092,0.0009564914013775044,0.5986842105263158,0.4934210526315789,0.0581140350877193,0.047149122807017545,-73.98801,40.716414
2 AV / E 34 ST,1432,725,367,240,100,707,0.0009473446256812715,0.4937150837988827,0.2562849162011173,0.16759776536312848,0.06983240223463687,-73.9773185,40.7431705
SAINT NICHOLAS AV / W 116 ST,1234,716,166,184,168,518,0.0009355844855004005,0.419773095623987,0.13452188006482982,0.14910858995137763,0.13614262560777957,-73.9539225,40.803829
3 AV / E 112 ST,2074,713,1013,233,115,1361,0.0009316644387734435,0.6562198649951784,0.4884281581485053,0.11234329797492767,0.05544840887174542,-73.9415255,40.795665
BROADWAY / LA SALLE ST,2032,711,597,456,268,1321,0.0009290510742888055,0.6500984251968503,0.2937992125984252,0.22440944881889763,0.13188976377952755,-73.95925743462541,40.81413734621507
6 AV / W 14 ST,1936,709,823,248,156,1227,0.0009264377098041675,0.6337809917355371,0.42510330578512395,0.128099173553719,0.08057851239669421,-73.9962415,40.737083
BROADWAY / W 220 ST,1460,700,614,84,62,760,0.0009146775696232966,0.5205479452054794,0.42054794520547945,0.057534246575342465,0.04246575342465753,-73.911981,40.8710095
BROADWAY / W 145 ST,1548,698,370,355,125,850,0.0009120642051386586,0.5490956072351422,0.23901808785529716,0.229328165374677,0.08074935400516796,-73.95073594856899,40.82623362543217
3 AV / E 82 ST,1423,684,327,283,129,739,0.0008937706537461927,0.5193253689388616,0.2297962052002811,0.1988756148981026,0.09065354884047787,-73.955087,40.777157
E 34 ST / PARK AV,1529,682,602,93,152,847,0.0008911572892615547,0.5539568345323741,0.39372138652714195,0.060824068018312624,0.09941137998691955,-73.981801,40.747258
3 AV / E 26 ST,1548,681,556,200,111,867,0.0008898506070192356,0.560077519379845,0.35917312661498707,0.12919896640826872,0.07170542635658915,-73.9809655,40.741623
BROADWAY / W 42 ST,1506,675,521,256,54,831,0.0008820105135653217,0.5517928286852589,0.3459495351925631,0.1699867197875166,0.035856573705179286,-73.9856225345074,40.75541608116439
FREDERICK DOUGLASS BLVD / W 116 ST,1500,673,411,219,197,827,0.0008793971490806837,0.5513333333333333,0.274,0.146,0.13133333333333333,-73.9542335,40.803931500000004
E 23 ST / PARK AV SOUTH,1932,667,851,293,121,1265,0.0008715570556267697,0.6547619047619048,0.44047619047619047,0.15165631469979296,0.06262939958592133,-73.985826,40.74062939788233
E 94 ST / LEXINGTON AV,1385,659,358,253,115,726,0.0008611035976882178,0.524187725631769,0.2584837545126354,0.18267148014440432,0.08303249097472924,-73.952847,40.783273
SAINT NICHOLAS AV / W 124 ST,1334,658,275,184,217,676,0.0008597969154458988,0.5067466266866567,0.20614692653673164,0.13793103448275862,0.16266866566716642,-73.952928,40.810455
SAINT NICHOLAS AV / W 164 ST,1216,650,312,145,109,566,0.0008493434575073468,0.4654605263157895,0.2565789473684211,0.11924342105263158,0.08963815789473684,-73.940101,40.837304
3 AV / E 91 ST,1624,649,507,277,191,975,0.0008480367752650278,0.6003694581280788,0.312192118226601,0.1705665024630542,0.11761083743842364,-73.950942,40.782919
3 AV / E 75 ST,1211,648,271,148,144,563,0.0008467300930227089,0.4649050371593724,0.22378199834847234,0.1222130470685384,0.11890999174236168,-73.958903,40.771892
E 77 ST / LEXINGTON AV,1632,646,523,367,96,986,0.0008441167285380708,0.6041666666666666,0.32046568627450983,0.22487745098039216,0.058823529411764705,-73.96043,40.7727835
FORT WASHINGTON AV / W 164 ST,1138,642,171,260,65,496,0.0008388899995687948,0.4358523725834798,0.15026362038664323,0.22847100175746923,0.05711775043936731,-73.9441209097328,40.83767848395834
AV A / E 11 ST,1328,635,411,186,96,693,0.0008297432238725618,0.5218373493975904,0.30948795180722893,0.14006024096385541,0.07228915662650602,-73.9829,40.728308
E 28 ST / LEXINGTON AV,1114,631,225,194,64,483,0.000824516494903286,0.43357271095152605,0.20197486535008977,0.1741472172351885,0.05745062836624776,-73.982685,40.742359
8 AV / W 14 ST,1494,630,558,185,121,864,0.0008232098126609669,0.5783132530120482,0.37349397590361444,0.12382864792503347,0.08099062918340026,-74.0024025,40.7397075
E 58 ST / MADISON AV,1565,625,469,382,89,940,0.0008166764014493719,0.6006389776357828,0.29968051118210864,0.2440894568690096,0.05686900958466454,-73.97055492284026,40.76465492087926
11 AV / W 23 ST,1616,584,747,194,91,1032,0.0007631024295142932,0.6386138613861386,0.4622524752475248,0.12004950495049505,0.05631188118811881,-74.0063765,40.748605
BROADWAY / W 135 ST,1629,584,526,399,120,1045,0.0007631024295142932,0.6414978514426029,0.3228974831184776,0.24493554327808473,0.07366482504604052,-73.95477527433806,40.82032333005332
3 AV / E 109 ST,2372,582,1430,200,160,1790,0.0007604890650296552,0.7546374367622259,0.602866779089376,0.08431703204047218,0.06745362563237774,-73.941799,40.7951985
2 AV / E 126 ST,1931,571,1098,137,125,1360,0.0007461155603641462,0.7042982910409115,0.5686172967374418,0.0709476954945624,0.0647332988089073,-73.934835,40.80312
BROADWAY / W 196 ST,1598,569,471,129,429,1029,0.0007435021958795082,0.6439299123904881,0.29474342928660824,0.08072590738423029,0.26846057571964954,-73.9302045,40.861577499999996
FORT WASHINGTON AV / W 187 ST,1088,568,240,214,66,520,0.0007421955136371892,0.47794117647058826,0.22058823529411764,0.19669117647058823,0.06066176470588235,-73.93675548586367,40.85536357874342
7 AV / W 14 ST,1997,556,1185,160,96,1441,0.0007265153267293613,0.7215823735603405,0.5933900851276915,0.08012018027040561,0.04807210816224337,-73.997197,40.737512
9 AV / W 42 ST,1766,546,994,170,56,1220,0.0007134485043061714,0.6908267270668177,0.5628539071347678,0.09626274065685164,0.031710079275198186,-73.99127987395143,40.75779167942146
3 AV / E 65 ST,2252,545,1464,160,83,1707,0.0007121418220638523,0.7579928952042628,0.650088809946714,0.07104795737122557,0.03685612788632327,-73.962868,40.766574
E 88 ST / YORK AV,1494,532,773,78,111,962,0.0006951549529137054,0.643908969210174,0.5174029451137885,0.05220883534136546,0.07429718875502007,-73.945669,40.777957
E 119 ST / LEXINGTON AV,1255,530,511,144,70,725,0.0006925415884290674,0.5776892430278885,0.40717131474103585,0.1147410358565737,0.055776892430278883,-73.941758,40.798452
AV A / E 14 ST,1718,523,565,532,98,1195,0.0006833948127328344,0.6955762514551804,0.3288707799767171,0.309662398137369,0.0570430733410943,-73.981151,40.730583499999995
E 98 ST / LEXINGTON AV,1414,520,614,201,79,894,0.0006794747660058774,0.6322489391796322,0.43422913719943423,0.14214992927864215,0.05586987270155587,-73.95063,40.786029
CENTRAL PARK NORTH / MALCOLM X BLVD,898,519,114,211,54,379,0.0006781680837635584,0.4220489977728285,0.12694877505567928,0.23496659242761692,0.060133630289532294,-73.95269955619565,40.79839622627806
3 AV / E 63 ST,1107,516,299,170,122,591,0.0006742480370366014,0.5338753387533876,0.27009936766034326,0.15356820234869015,0.1102077687443541,-73.963747,40.764428
3 AV / E 47 ST,997,514,234,181,68,483,0.0006716346725519635,0.4844533600802407,0.23470411233701102,0.1815446339017051,0.06820461384152457,-73.97115,40.755189
E 116 ST / MADISON AV,1096,514,342,156,84,582,0.0006716346725519635,0.531021897810219,0.31204379562043794,0.14233576642335766,0.07664233576642336,-73.9440235,40.799631
E 104 ST / LEXINGTON AV,1205,513,473,163,56,692,0.0006703279903096445,0.5742738589211618,0.3925311203319502,0.13526970954356846,0.046473029045643155,-73.948191,40.78965
E 101 ST / MADISON AV,911,513,98,240,60,398,0.0006703279903096445,0.43688254665203075,0.10757409440175632,0.26344676180021953,0.06586169045005488,-73.95195783304509,40.790148256817886
5 AV / W 14 ST,1255,509,415,259,72,746,0.0006651012613403685,0.5944223107569722,0.33067729083665337,0.20637450199203186,0.05737051792828685,-73.99476900372558,40.735824910314285
FORT WASHINGTON AV / W 190 ST,1108,508,239,258,103,600,0.0006637945790980496,0.5415162454873647,0.2157039711191336,0.2328519855595668,0.09296028880866426,-73.93487049355218,40.85805198190738
E 45 ST / LEXINGTON AV,786,498,127,140,21,288,0.0006507277566748595,0.366412213740458,0.16157760814249364,0.178117048346056,0.026717557251908396,-73.97532799999999,40.7524385
AUDUBON AV / W 168 ST,1536,498,630,312,96,1038,0.0006507277566748595,0.67578125,0.41015625,0.203125,0.0625,-73.93892331538557,40.84068969145747
BROADWAY / E 23 ST,1289,491,542,174,82,798,0.0006415809809786266,0.6190845616757176,0.4204809930178433,0.13498836307214895,0.06361520558572537,-73.990009,40.741755
E 110 ST / MADISON AV,1056,489,77,418,72,567,0.0006389676164939886,0.5369318181818182,0.07291666666666667,0.3958333333333333,0.06818181818181818,-73.94998233277165,40.797255426907284
ADAM C POWELL BLVD / CENTRAL PARK NORTH,966,488,140,280,58,478,0.0006376609342516696,0.494824016563147,0.14492753623188406,0.2898550724637681,0.060041407867494824,-73.95488444632359,40.79922637288759
8 AV / BLEECKER ST,791,483,188,74,46,308,0.0006311275230400747,0.3893805309734513,0.23767383059418457,0.09355246523388117,0.05815423514538559,-74.003942,40.738301
3 AV / E 20 ST,995,477,335,126,57,518,0.0006232874295861606,0.5206030150753769,0.33668341708542715,0.12663316582914572,0.05728643216080402,-73.9849,40.736359
E 120 ST / PLEASANT AV,717,463,131,62,61,254,0.0006049938781936947,0.3542538354253835,0.18270571827057183,0.08647140864714087,0.08507670850767085,-73.932366,40.796223
3 AV / E 29 ST,923,461,211,177,74,462,0.0006023805137090568,0.5005417118093174,0.228602383531961,0.19176598049837487,0.08017334777898158,-73.979754,40.742823
3 AV / E 88 ST,1074,457,280,271,66,617,0.0005971537847397808,0.574487895716946,0.260707635009311,0.25232774674115455,0.061452513966480445,-73.952177,40.7813245
3 AV / E 93 ST,1110,456,388,173,93,654,0.0005958471024974617,0.5891891891891892,0.34954954954954953,0.15585585585585585,0.08378378378378379,-73.950158,40.783901
BROADWAY / RIVERSIDE DR,1215,454,568,114,79,761,0.0005932337380128238,0.6263374485596708,0.4674897119341564,0.09382716049382717,0.06502057613168724,-73.928353,40.864959
1 AV / E 91 ST,979,451,288,127,113,528,0.0005893136912858668,0.5393258426966292,0.2941777323799796,0.12972420837589377,0.11542390194075587,-73.946794,40.780296
E 74 ST / LEXINGTON AV,876,449,277,93,57,427,0.0005867003268012288,0.4874429223744292,0.3162100456621005,0.10616438356164383,0.06506849315068493,-73.9773635,40.747288
E 67 ST / MADISON AV,1010,445,232,259,74,565,0.0005814735978319528,0.5594059405940595,0.2297029702970297,0.25643564356435644,0.07326732673267326,-73.96592766426183,40.77119759144712
E 14 ST / UNIVERSITY PL,1454,438,823,128,65,1016,0.0005723268221357198,0.6987620357634112,0.5660247592847317,0.08803301237964237,0.04470426409903714,-73.989548,40.734298
E 70 ST / LEXINGTON AV,889,437,309,101,42,452,0.0005710201398934009,0.5084364454443194,0.34758155230596177,0.11361079865016872,0.047244094488188976,-73.964105,40.76785
9 AV / W 34 ST,1313,434,719,85,75,879,0.0005671000931664439,0.6694592536176694,0.5476009139375476,0.06473724295506474,0.05712109672505712,-73.994426,40.752578
FORT WASHINGTON AV / W 168 ST,1024,433,234,238,119,591,0.0005657934109241249,0.5771484375,0.228515625,0.232421875,0.1162109375,-73.94215441276673,40.84205248603443
5 AV / E 79 ST,1097,429,537,66,65,668,0.0005605666819548489,0.6089334548769371,0.48951686417502277,0.0601640838650866,0.059252506836827715,-73.962945,40.776292
6 AV / W 23 ST,961,428,319,158,56,533,0.0005592599997125299,0.554630593132154,0.331945889698231,0.16441207075962538,0.05827263267429761,-73.991879,40.742504
FORT WASHINGTON AV / W 165 ST,878,427,182,209,60,451,0.000557953317470211,0.5136674259681093,0.2072892938496583,0.23804100227790434,0.0683371298405467,-73.94360797822637,40.83894500386762
BROADWAY / W 34 ST,1889,427,1291,68,103,1462,0.000557953317470211,0.7739544732662784,0.683430386447856,0.035997882477501325,0.05452620434092112,-73.988361,40.75006
10 AV / W 42 ST,960,425,262,206,67,535,0.0005553399529855729,0.5572916666666666,0.27291666666666664,0.21458333333333332,0.06979166666666667,-73.99611107305822,40.759990187170956
E 31 ST / LEXINGTON AV,683,422,115,115,31,261,0.0005514199062586159,0.3821376281112738,0.1683748169838946,0.1683748169838946,0.04538799414348463,-73.98151,40.74361
E 102 ST / LEXINGTON AV,779,419,229,103,28,360,0.000547499859531659,0.4621309370988447,0.2939666238767651,0.13222079589216945,0.03594351732991014,-73.948782,40.788836
3 AV / E 45 ST,804,417,211,123,53,387,0.0005448864950470209,0.48134328358208955,0.26243781094527363,0.15298507462686567,0.06592039800995025,-73.971023,40.755227500000004
3 AV / E 31 ST,912,415,306,117,74,497,0.000542273130562383,0.5449561403508771,0.3355263157894737,0.12828947368421054,0.08114035087719298,-73.9788935,40.744489
5 AV / E 116 ST,787,414,230,81,62,373,0.0005409664483200639,0.47395171537484115,0.29224904701397714,0.10292249047013977,0.07878017789072427,-73.948353,40.801481
E 42 ST / MADISON AV,1509,407,833,181,88,1102,0.000531819672623831,0.730284956925116,0.5520212060967529,0.11994698475811796,0.0583167660702452,-73.97860894835382,40.75250264837905
GRAND ST / PITT ST,1150,405,630,68,47,745,0.000529206308139193,0.6478260869565218,0.5478260869565217,0.059130434782608696,0.0408695652173913,-73.986054,40.715754
BROADWAY / W 155 ST,1047,401,291,272,83,646,0.000523979579169917,0.6170009551098377,0.27793696275071633,0.2597898758357211,0.07927411652340019,-73.9449969444745,40.83369327784281
5 AV / W 23 ST,780,395,169,170,46,385,0.0005161394857160031,0.4935897435897436,0.21666666666666667,0.21794871794871795,0.05897435897435897,-73.99238830476367,40.737823561527804
3 AV / E 77 ST,925,394,259,145,127,531,0.0005148328034736841,0.5740540540540541,0.28,0.15675675675675677,0.1372972972972973,-73.957762,40.773604
BROADWAY / W 157 ST,943,392,226,253,72,551,0.0005122194389890461,0.584305408271474,0.23966065747614,0.2682926829268293,0.07635206786850478,-73.94455190562454,40.83430362458245
10 AV / HARLEM RIVER DR,794,389,140,139,126,405,0.0005082993922620891,0.5100755667506297,0.17632241813602015,0.17506297229219145,0.15869017632241814,-73.9215385,40.8609105
AMSTERDAM AV / W 153 ST,786,387,263,81,55,399,0.0005056860277774511,0.5076335877862596,0.3346055979643766,0.10305343511450382,0.06997455470737914,-73.943461,40.8306665
3 AV / E 34 ST,864,385,281,111,87,479,0.0005030726632928132,0.5543981481481481,0.32523148148148145,0.1284722222222222,0.10069444444444445,-73.97846799999999,40.7457045
2 AV / E 57 ST,739,384,218,77,60,355,0.0005017659810504941,0.4803788903924222,0.29499323410013534,0.10419485791610285,0.08119079837618404,-73.966758,40.7577
AMSTERDAM AV / W 133 ST,1166,376,547,78,165,790,0.0004913125231119422,0.6775300171526587,0.4691252144082333,0.06689536878216124,0.14150943396226415,-73.952539,40.818428
9 AV / W 23 ST,1135,366,549,167,53,769,0.0004782457006887522,0.677533039647577,0.48370044052863437,0.14713656387665197,0.04669603524229075,-74.000889,40.746283
5 AV / W 50 ST,1389,366,679,267,77,1023,0.0004782457006887522,0.7365010799136069,0.4888408927285817,0.19222462203023757,0.05543556515478762,-73.97850764194963,40.756880604478795
E 64 ST / LEXINGTON AV,680,364,159,104,53,316,0.0004756323362041142,0.4647058823529412,0.2338235294117647,0.15294117647058825,0.07794117647058824,-73.9668205,40.764112999999995
E 57 ST / MADISON AV,1030,359,346,248,77,671,0.00046909892499251925,0.6514563106796116,0.3359223300970874,0.2407766990291262,0.07475728155339806,-73.97199750648838,40.76270105008815
2 AV / E 39 ST,672,357,234,37,44,315,0.00046648556050788126,0.46875,0.3482142857142857,0.05505952380952381,0.06547619047619048,-73.976035,40.744629
E 56 ST / LEXINGTON AV,875,355,351,109,60,520,0.00046387219602324326,0.5942857142857143,0.40114285714285713,0.12457142857142857,0.06857142857142857,-73.970168,40.759501
E 24 ST / LEXINGTON AV,631,354,157,78,42,277,0.0004625655137809243,0.43898573692551507,0.24881141045958796,0.12361331220285261,0.06656101426307448,-73.983682,40.740083
4 AV / E 14 ST,928,354,461,74,39,574,0.0004625655137809243,0.6185344827586207,0.49676724137931033,0.07974137931034483,0.04202586206896552,-73.991927,40.7353115
11 AV / W 42 ST,1082,353,476,189,64,729,0.00046125883153860526,0.6737523105360443,0.4399260628465804,0.17467652495378927,0.059149722735674676,-73.998597068918,40.761019066655486
E 15 ST / UNION SQ EAST,743,350,197,162,34,393,0.0004573387848116483,0.5289367429340511,0.2651413189771198,0.2180349932705249,0.04576043068640646,-73.98950668644727,40.73574030247914
AMSTERDAM AV / W 187 ST,549,346,117,46,40,203,0.0004521120558423723,0.3697632058287796,0.21311475409836064,0.08378870673952642,0.07285974499089254,-73.927899,40.852164
E 89 ST / LEXINGTON AV,725,344,218,104,59,381,0.0004494986913577343,0.5255172413793103,0.3006896551724138,0.14344827586206896,0.08137931034482758,-73.955074,40.780131
BROADWAY / CATHEDRAL PKWY,913,342,374,152,45,571,0.00044688532687309635,0.6254107338444688,0.40963855421686746,0.1664841182913472,0.04928806133625411,-73.966004,40.804489
1 AV / E 42 ST,2074,341,1562,87,84,1733,0.00044557864463077733,0.8355834136933462,0.7531340405014465,0.041947926711668276,0.040501446480231434,-73.96903086221124,40.74998472560993
E 92 ST / LEXINGTON AV,757,338,180,147,92,419,0.00044165859790382036,0.5535006605019815,0.23778071334214002,0.19418758256274768,0.1215323645970938,-73.95383,40.781852
6 AV / W 57 ST,651,337,93,166,55,314,0.00044035191566150133,0.4823348694316436,0.14285714285714285,0.25499231950844853,0.08448540706605223,-73.97780160382673,40.764672701887406
E 69 ST / MADISON AV,726,335,177,168,46,391,0.00043773855117686334,0.5385674931129476,0.24380165289256198,0.23140495867768596,0.06336088154269973,-73.96511550518098,40.77210606793024
BROADWAY / W 143 ST,789,335,231,159,64,454,0.00043773855117686334,0.5754119138149556,0.29277566539923955,0.20152091254752852,0.08111533586818757,-73.95066157162901,40.82596289609991
6 AV / W 42 ST,1602,334,1066,119,83,1268,0.00043643186893454436,0.7915106117353309,0.66541822721598,0.07428214731585518,0.05181023720349563,-73.98294492648762,40.754290029561425
EDGECOMBE AV / W 158 ST,622,334,47,199,42,288,0.00043643186893454436,0.4630225080385852,0.07556270096463022,0.319935691318328,0.06752411575562701,-73.93841186209849,40.83385823953948
AMSTERDAM AV / W 188 ST,873,325,329,75,144,548,0.0004246717287536734,0.6277205040091638,0.3768613974799542,0.0859106529209622,0.16494845360824742,-73.92891,40.850916
5 AV / W 33 ST,839,323,227,213,76,516,0.0004220583642690354,0.6150178784266984,0.27056019070321813,0.25387365911799764,0.09058402860548272,-73.98628247472769,40.74622035524951
8 AV / W 23 ST,788,321,290,146,31,467,0.0004194449997843974,0.5926395939086294,0.3680203045685279,0.18527918781725888,0.03934010152284264,-73.997378,40.7448415
5 AV / E 106 ST,619,319,116,141,43,300,0.00041683163529975946,0.48465266558966075,0.18739903069466882,0.22778675282714056,0.06946688206785137,-73.95139155603184,40.794010302099586
FORT WASHINGTON AV / W 185 ST,916,316,208,286,106,600,0.00041291158857280244,0.6550218340611353,0.22707423580786026,0.31222707423580787,0.11572052401746726,-73.93739113438878,40.85345659957389
1 AV / E 43 ST,1988,310,1455,48,175,1678,0.0004050714951188885,0.8440643863179075,0.7318913480885312,0.02414486921529175,0.0880281690140845,-73.968315,40.7508375
BROADWAY / W 163 ST,960,310,354,230,66,650,0.0004050714951188885,0.6770833333333334,0.36875,0.23958333333333334,0.06875,-73.9413807909164,40.83875470402066
FORT WASHINGTON AV / W 162 ST,544,309,102,108,25,235,0.0004037648128765695,0.4319852941176471,0.1875,0.19852941176470587,0.04595588235294118,-73.94419682146827,40.83749538123014
E 14 ST / UNION SQUARE WEST,663,306,221,97,39,357,0.0003998447661496125,0.5384615384615384,0.3333333333333333,0.14630467571644043,0.058823529411764705,-73.992183,40.735436
8 AV / W 34 ST,1057,305,579,82,91,752,0.00039853808390729353,0.7114474929044465,0.5477767265846736,0.07757805108798486,0.08609271523178808,-73.992028,40.751636
1 AV / E 125 ST,1467,301,1036,84,46,1166,0.00039331135493801754,0.7948193592365371,0.7062031356509885,0.05725971370143149,0.03135650988411725,-73.931628,40.80274
E 116 ST / PARK AV,587,301,149,86,51,286,0.00039331135493801754,0.48722316865417375,0.25383304940374785,0.1465076660988075,0.0868824531516184,-73.943654,40.799511
FORT WASHINGTON AV / W 179 ST,739,301,137,221,80,438,0.00039331135493801754,0.5926928281461434,0.18538565629228687,0.29905277401894453,0.10825439783491204,-73.93903882673979,40.849024261259025
12 AV / W 24 ST,442,301,69,49,23,141,0.00039331135493801754,0.3190045248868778,0.15610859728506787,0.11085972850678733,0.05203619909502263,-74.0075735,40.7499505
7 AV / W 57 ST,709,297,163,154,95,412,0.00038808462596874154,0.5811001410437235,0.229901269393512,0.21720733427362482,0.13399153737658676,-73.97956995794863,40.76522996193086
66 FORT GEORGE AV / FORT GEORGE AV,536,294,138,64,40,242,0.00038416457924178457,0.45149253731343286,0.2574626865671642,0.11940298507462686,0.07462686567164178,-73.926883,40.857532500000005
FDR DR / GRAND ST,532,287,168,51,26,245,0.0003750178035455516,0.4605263157894737,0.3157894736842105,0.09586466165413533,0.04887218045112782,-73.980783,40.713062
12 AV / W 42 ST,706,285,250,137,34,421,0.0003724044390609136,0.5963172804532578,0.35410764872521244,0.19405099150141644,0.04815864022662889,-74.00047558515718,40.761668198365854
E 40 ST / LEXINGTON AV,611,283,144,120,64,328,0.0003697910745762756,0.5368248772504092,0.23567921440261866,0.19639934533551553,0.10474631751227496,-73.97682,40.750048
CENTRAL PARK WEST / W 97 ST,489,280,130,56,23,209,0.00036587102784931864,0.4274028629856851,0.2658486707566462,0.11451942740286299,0.04703476482617587,-73.965585,40.792157
FORT WASHINGTON AV / W 160 ST,560,279,78,167,36,281,0.0003645643456069996,0.5017857142857143,0.1392857142857143,0.2982142857142857,0.06428571428571428,-73.94480177077045,40.834431092736025
EAST BROADWAY / GRAND ST,425,274,99,36,16,151,0.00035803093439540465,0.3552941176470588,0.23294117647058823,0.08470588235294117,0.03764705882352941,-73.982105,40.714582
MANHATTAN AV / W 116 ST,537,272,152,67,46,265,0.00035541756991076665,0.4934823091247672,0.28305400372439476,0.12476722532588454,0.0856610800744879,-73.956148,40.804665
GRAND ST / JACKSON ST,640,269,243,63,65,371,0.0003514975231838097,0.5796875,0.3796875,0.0984375,0.1015625,-73.980194,40.714062
5 AV / E 90 ST,480,268,72,123,17,212,0.0003501908409414907,0.44166666666666665,0.15,0.25625,0.035416666666666666,-73.95896733599807,40.7836245350175
3 AV / E 57 ST,720,263,235,160,62,457,0.0003436574297298957,0.6347222222222222,0.3263888888888889,0.2222222222222222,0.08611111111111111,-73.9663685,40.7616575
EDGECOMBE AV / W 160 ST,471,257,38,147,29,214,0.00033581733627598175,0.4543524416135881,0.08067940552016985,0.31210191082802546,0.06157112526539278,-73.93819174768902,40.83404375441937
AMSTERDAM AV / W 106 ST,743,255,381,64,43,488,0.00033320397179134375,0.6567967698519516,0.5127860026917901,0.08613728129205922,0.05787348586810229,-73.964136,40.799777
E 53 ST / LEXINGTON AV,536,254,159,90,33,282,0.0003318972895490248,0.5261194029850746,0.2966417910447761,0.16791044776119404,0.061567164179104475,-73.971263,40.7580665
AMSTERDAM AV / CATHEDRAL PKWY,522,248,48,198,28,274,0.0003240571960951108,0.524904214559387,0.09195402298850575,0.3793103448275862,0.05363984674329502,-73.9635979705589,40.80280283618688
FORT WASHINGTON AV / W 170 ST,607,247,145,129,86,360,0.0003227505138527918,0.5930807248764415,0.23887973640856672,0.21252059308072488,0.1416803953871499,-73.94237022040562,40.84204078326808
FORT WASHINGTON AV / W 172 ST,455,246,79,74,56,209,0.0003214438316104728,0.4593406593406593,0.17362637362637362,0.16263736263736264,0.12307692307692308,-73.94177482866068,40.84334349493414
BROADWAY / W 133 ST,664,240,205,161,58,424,0.00031360373815655885,0.6385542168674698,0.30873493975903615,0.24246987951807228,0.08734939759036145,-73.95514164915997,40.81980609012078
COOPER SQ / E 7 ST,568,240,206,96,26,328,0.00031360373815655885,0.5774647887323944,0.3626760563380282,0.16901408450704225,0.045774647887323945,-73.9844175,40.7370315
E 60 ST / MADISON AV,580,239,102,189,50,341,0.0003122970559142398,0.5879310344827586,0.17586206896551723,0.3258620689655172,0.08620689655172414,-73.97058664618108,40.76461943918535
E 83 ST / LEXINGTON AV,460,236,105,81,38,224,0.00030837700918728286,0.48695652173913045,0.22826086956521738,0.17608695652173914,0.08260869565217391,-73.957704,40.776236499999996
FORT WASHINGTON AV / W 183 ST,607,234,154,121,98,373,0.00030576364470264486,0.6144975288303131,0.25370675453047775,0.19934102141680396,0.1614497528830313,-73.93768587628828,40.85237124535265
BROADWAY / W 137 ST,791,233,306,201,51,558,0.00030445696246032583,0.7054361567635904,0.3868520859671302,0.25410872313527183,0.06447534766118837,-73.95338164621643,40.82222176575629
FORT WASHINGTON AV / W 177 ST,512,233,81,135,63,279,0.00030445696246032583,0.544921875,0.158203125,0.263671875,0.123046875,-73.93966134285662,40.84760846233745
E 74 ST / MADISON AV,543,233,94,162,54,310,0.00030445696246032583,0.570902394106814,0.1731123388581952,0.2983425414364641,0.09944751381215469,-73.96293936015988,40.77509846468363
EDGECOMBE AV / W 164 ST,428,232,68,103,25,196,0.00030315028021800686,0.45794392523364486,0.1588785046728972,0.24065420560747663,0.05841121495327103,-73.93764413601963,40.83525516033202
E 91 ST / MADISON AV,452,231,77,123,21,221,0.0003018435979756879,0.4889380530973451,0.17035398230088494,0.2721238938053097,0.046460176991150445,-73.95541763081951,40.785399857518755
E 62 ST / LEXINGTON AV,449,229,138,51,31,220,0.0002992302334910499,0.48997772828507796,0.30734966592427615,0.11358574610244988,0.06904231625835189,-73.966946,40.763916
5 AV / E 109 ST,404,229,34,115,26,175,0.0002992302334910499,0.43316831683168316,0.08415841584158416,0.28465346534653463,0.06435643564356436,-73.95008561792272,40.795806758951684
CENTRAL PARK NORTH / CENTRAL PARK WEST,366,227,35,93,11,139,0.0002966168690064119,0.3797814207650273,0.09562841530054644,0.2540983606557377,0.030054644808743168,-73.95752236640463,40.80032900977923
BROADWAY / W 218 ST,361,225,80,32,24,136,0.0002940035045217739,0.3767313019390582,0.22160664819944598,0.0886426592797784,0.0664819944598338,-73.913632,40.871487
ADAM C POWELL BLVD / W 145 ST,572,224,129,148,71,348,0.0002926968222794549,0.6083916083916084,0.22552447552447552,0.25874125874125875,0.12412587412587413,-73.94054683131648,40.81996243215386
AV OF THE AMERICAS / W 42 ST,768,222,382,100,64,546,0.00029008345779481693,0.7109375,0.4973958333333333,0.13020833333333334,0.08333333333333333,-73.98567487090602,40.75556641547904
BROADWAY / W 122 ST,669,220,209,165,75,449,0.00028747009331017893,0.6711509715994021,0.312406576980568,0.24663677130044842,0.11210762331838565,-73.96045997340215,40.81280183090241
AMSTERDAM AV / W 96 ST,490,219,125,92,54,271,0.0002861634110678599,0.5530612244897959,0.25510204081632654,0.18775510204081633,0.11020408163265306,-73.9698755,40.7938915
5 AV / W 38 ST,476,219,141,78,38,257,0.0002861634110678599,0.5399159663865546,0.296218487394958,0.1638655462184874,0.07983193277310924,-73.98340739495919,40.75015630245419
BROADWAY / DONGAN PL,482,218,150,66,48,264,0.00028485672882554093,0.5477178423236515,0.3112033195020747,0.13692946058091288,0.0995850622406639,-73.9300505,40.862676
E 50 ST / MADISON AV,915,216,527,111,61,699,0.00028224336434090293,0.7639344262295082,0.5759562841530055,0.12131147540983607,0.06666666666666667,-73.97426565771204,40.75958485413688
FORT WASHINGTON AV / W 171 ST,774,215,242,91,226,559,0.00028093668209858396,0.7222222222222222,0.31266149870801035,0.11757105943152454,0.29198966408268734,-73.94043250508574,40.84545480995743
5 AV / W 116 ST,421,210,105,63,43,211,0.000274403270886989,0.501187648456057,0.2494061757719715,0.1496437054631829,0.1021377672209026,-73.945975,40.800379
E 43 ST / MADISON AV,937,208,448,202,79,729,0.000271789906402351,0.7780149413020278,0.4781216648879402,0.21558164354322304,0.08431163287086446,-73.97675411023211,40.75616785820056
5 AV / E 108 ST,344,208,23,87,26,136,0.000271789906402351,0.3953488372093023,0.06686046511627906,0.25290697674418605,0.0755813953488372,-73.95043093623221,40.795327872528574
BROADWAY / ISHAM ST,319,203,58,43,15,116,0.00026525649519075603,0.36363636363636365,0.18181818181818182,0.13479623824451412,0.047021943573667714,-73.916343,40.868033
EDGECOMBE AV / W 162 ST,444,203,127,93,21,241,0.00026525649519075603,0.5427927927927928,0.28603603603603606,0.20945945945945946,0.0472972972972973,-73.93756629002215,40.835183241152166
AMSTERDAM AV / W 179 ST,377,202,88,33,54,175,0.000263949812948437,0.46419098143236076,0.23342175066312998,0.08753315649867374,0.14323607427055704,-73.931718,40.846918
3 AV / E 96 ST,527,201,223,82,21,326,0.00026264313070611803,0.618595825426945,0.42314990512333966,0.1555977229601518,0.03984819734345351,-73.948686,40.784902
5 AV / W 56 ST,746,199,337,159,51,547,0.00026002976622148004,0.7332439678284183,0.4517426273458445,0.2131367292225201,0.06836461126005362,-73.9755597323076,40.760917138126864
86 ST TRANSVERSE / CENTRAL PARK,423,199,159,38,27,224,0.00026002976622148004,0.5295508274231678,0.375886524822695,0.08983451536643026,0.06382978723404255,-73.969674,40.785472
E 77 ST / MADISON AV,384,198,60,97,29,186,0.000258723083979161,0.484375,0.15625,0.2526041666666667,0.07552083333333333,-73.96279536849433,40.77529759868422
3 AV / ASTOR PL,358,198,112,30,18,160,0.000258723083979161,0.44692737430167595,0.3128491620111732,0.08379888268156424,0.05027932960893855,-73.9843435,40.7371475
ADAM C POWELL BLVD / W 148 ST,440,197,96,105,42,243,0.00025741640173684204,0.5522727272727272,0.21818181818181817,0.23863636363636365,0.09545454545454546,-73.95204735832166,40.80121433981767
E 86 ST / YORK AV,590,195,342,26,27,395,0.00025480303725220404,0.6694915254237288,0.5796610169491525,0.04406779661016949,0.04576271186440678,-73.94659899999999,40.7766825
BROADWAY / W 204 ST,313,195,13,69,36,118,0.00025480303725220404,0.3769968051118211,0.04153354632587859,0.22044728434504793,0.11501597444089456,-73.927843,40.865265
E 63 ST / MADISON AV,419,191,88,111,29,228,0.00024957630828292805,0.5441527446300716,0.2100238663484487,0.2649164677804296,0.06921241050119331,-73.9692958492832,40.766372140831606
12 AV / W 23 ST,294,189,49,32,24,105,0.0002469629437982901,0.35714285714285715,0.16666666666666666,0.10884353741496598,0.08163265306122448,-74.007836,40.750058499999994
BROADWAY / W 139 ST,493,187,109,137,60,306,0.0002443495793136521,0.6206896551724138,0.2210953346855984,0.2778904665314402,0.12170385395537525,-73.95280068042507,40.82303018924734
ADAM C POWELL BLVD / W 135 ST,365,187,64,84,30,178,0.0002443495793136521,0.4876712328767123,0.17534246575342466,0.23013698630136986,0.0821917808219178,-73.94401399083554,40.815513500032246
BROADWAY / W 138 ST,673,183,274,157,59,490,0.0002391228503443761,0.7280832095096582,0.40713224368499257,0.23328380386329867,0.08766716196136701,-73.95493982504541,40.82050431737269
COLUMBUS AV / W 96 ST,360,182,83,73,22,178,0.0002378161681020571,0.49444444444444446,0.23055555555555557,0.20277777777777778,0.06111111111111111,-73.9678945,40.793206
5 AV / E 94 ST,356,182,21,129,24,174,0.0002378161681020571,0.4887640449438202,0.05898876404494382,0.36235955056179775,0.06741573033707865,-73.9569476674088,40.78639767495124
CABRINI BLVD / FORT WASHINGTON AV,917,181,539,150,47,736,0.0002365094858597381,0.8026172300981461,0.5877862595419847,0.16357688113413305,0.05125408942202835,-73.93441832124465,40.85882882750607
FORT WASHINGTON AV / W 181 ST,483,180,128,144,31,303,0.0002352028036174191,0.6273291925465838,0.2650103519668737,0.2981366459627329,0.06418219461697723,-73.93818155310687,40.85104471965804
5 AV / E 81 ST,607,178,252,68,109,429,0.00023258943913278114,0.7067545304777595,0.41515650741350907,0.11202635914332784,0.17957166392092258,-73.96289033930223,40.77824671498655
EDGECOMBE AV / W 155 ST,387,176,57,116,38,211,0.00022997607464814314,0.5452196382428941,0.14728682170542637,0.2997416020671835,0.09819121447028424,-73.94031080483076,40.8308192509636
5 AV / E 60 ST,906,176,556,131,43,730,0.00022997607464814314,0.8057395143487859,0.6136865342163356,0.1445916114790287,0.04746136865342163,-73.97416964234571,40.76281076701555
5 AV / E 72 ST,390,176,156,32,26,214,0.00022997607464814314,0.5487179487179488,0.4,0.08205128205128205,0.06666666666666667,-73.96840985999154,40.77068609934942
E 96 ST / MADISON AV,471,175,200,74,22,296,0.00022866939240582415,0.6284501061571125,0.42462845010615713,0.15711252653927812,0.04670912951167728,-73.953363,40.787422
E 106 ST / MADISON AV,488,175,125,101,87,313,0.00022866939240582415,0.6413934426229508,0.25614754098360654,0.2069672131147541,0.17827868852459017,-73.94886784129937,40.794389083190936
5 AV / W 57 ST,372,173,43,110,46,199,0.00022605602792118615,0.5349462365591398,0.11559139784946236,0.2956989247311828,0.12365591397849462,-73.97485703719842,40.763422468467624
HUDSON ST / W 13 ST,547,173,296,47,31,374,0.00022605602792118615,0.6837294332723949,0.5411334552102377,0.08592321755027423,0.056672760511883,-74.005271,40.740363
DYCKMAN ST / NAGLE AV,348,173,85,61,29,175,0.00022605602792118615,0.5028735632183908,0.2442528735632184,0.1752873563218391,0.08333333333333333,-73.925122,40.862106999999995
DYCKMAN ST / FORT GEORGE HILL,301,169,50,61,21,132,0.00022082929895191018,0.43853820598006643,0.16611295681063123,0.2026578073089701,0.06976744186046512,-73.92429,40.860871
SAINT NICHOLAS AV / W 166 ST,372,169,90,82,31,203,0.00022082929895191018,0.5456989247311828,0.24193548387096775,0.22043010752688172,0.08333333333333333,-73.94048973741954,40.83969516616447
E 66 ST / MADISON AV,377,168,85,96,28,209,0.00021952261670959118,0.5543766578249337,0.22546419098143236,0.2546419098143236,0.07427055702917772,-73.95331750015356,40.79008868173682
FORT WASHINGTON AV / W 175 ST,340,168,65,80,27,172,0.00021952261670959118,0.5058823529411764,0.19117647058823528,0.23529411764705882,0.07941176470588235,-73.93984589911348,40.84696821938839
COLUMBUS AV / W 106 ST,420,168,180,43,29,252,0.00021952261670959118,0.6,0.42857142857142855,0.10238095238095238,0.06904761904761905,-73.9637015,40.799656
BROADWAY / W 219 ST,408,167,179,26,36,241,0.00021821593446727218,0.5906862745098039,0.4387254901960784,0.06372549019607843,0.08823529411764706,-73.9121515,40.871214
CATHEDRAL PKWY / FREDERICK DOUGLASS BLVD,321,167,25,109,20,154,0.00021821593446727218,0.4797507788161994,0.0778816199376947,0.3395638629283489,0.06230529595015576,-73.95897123756882,40.800988156010426
CATHEDRAL PKWY / MANHATTAN AV,402,165,89,126,22,237,0.00021560256998263418,0.5895522388059702,0.22139303482587064,0.31343283582089554,0.05472636815920398,-73.9594305349866,40.80094983127255
1 AV / PALADINO AV,298,165,49,55,29,133,0.00021560256998263418,0.4463087248322148,0.1644295302013423,0.18456375838926176,0.09731543624161074,-73.930568,40.7990125
E 92 ST / YORK AV,332,165,137,16,14,167,0.00021560256998263418,0.5030120481927711,0.4126506024096386,0.04819277108433735,0.04216867469879518,-73.9448785,40.7790995
5 AV / W 36 ST,479,164,207,72,36,315,0.00021429588774031519,0.6576200417536534,0.4321503131524008,0.15031315240083507,0.07515657620041753,-73.98399850568345,40.74934262233472
E 83 ST / MADISON AV,330,162,73,75,20,168,0.00021168252325567721,0.509090909090909,0.22121212121212122,0.22727272727272727,0.06060606060606061,-73.95979862694351,40.77940453557672
E 35 ST / MADISON AV,488,159,180,82,67,329,0.00020776247652872022,0.6741803278688525,0.36885245901639346,0.1680327868852459,0.13729508196721313,-73.9805044896745,40.751029127867056
BROADWAY / W 141 ST,407,159,95,99,54,248,0.00020776247652872022,0.6093366093366094,0.2334152334152334,0.24324324324324326,0.13267813267813267,-73.951403005165,40.82493012708255
BROADWAY / W 113 ST,426,158,188,61,19,268,0.00020645579428640122,0.6291079812206573,0.4413145539906103,0.1431924882629108,0.04460093896713615,-73.96446093495118,40.80703478321303
BROADWAY / W 96 ST,352,157,43,119,33,195,0.00020514911204408222,0.5539772727272727,0.12215909090909091,0.3380681818181818,0.09375,-73.971228,40.7944385
ADAM C POWELL BLVD / W 137 ST,250,157,28,49,16,93,0.00020514911204408222,0.372,0.112,0.196,0.064,-73.94242231306183,40.81682436251566
E 37 ST / LEXINGTON AV,366,157,133,49,27,209,0.00020514911204408222,0.5710382513661202,0.3633879781420765,0.13387978142076504,0.07377049180327869,-73.96181250000001,40.764750500000005
E 28 ST / MADISON AV,465,157,219,64,25,308,0.00020514911204408222,0.6623655913978495,0.47096774193548385,0.13763440860215054,0.053763440860215055,-73.9850221365126,40.74483048560664
3 AV / E 53 ST,422,152,186,50,34,270,0.00019861570083248725,0.6398104265402843,0.44075829383886256,0.11848341232227488,0.08056872037914692,-73.956141,40.7762065
JACKSON ST / MADISON ST,234,151,42,27,14,83,0.00019730901859016825,0.3547008547008547,0.1794871794871795,0.11538461538461539,0.05982905982905983,-73.981115,40.714348
W 72 ST / WEST END AV,597,150,181,226,40,447,0.00019600233634784926,0.7487437185929648,0.30318257956448913,0.3785594639865997,0.06700167504187604,-73.98384916933965,40.779092189605656
E 46 ST / LEXINGTON AV,232,147,36,31,18,85,0.00019208228962089229,0.36637931034482757,0.15517241379310345,0.1336206896551724,0.07758620689655173,-73.975281,40.7524955
4 AV / E 10 ST,488,146,270,54,18,342,0.0001907756073785733,0.7008196721311475,0.5532786885245902,0.11065573770491803,0.036885245901639344,-73.98978212885862,40.734830871216005
E 25 ST / PARK AV SOUTH,295,146,30,110,9,149,0.0001907756073785733,0.5050847457627119,0.1016949152542373,0.3728813559322034,0.030508474576271188,-73.98571924319727,40.741631879008
ADAM C POWELL BLVD / W 151 ST,468,145,138,129,56,323,0.0001894689251362543,0.6901709401709402,0.2948717948717949,0.27564102564102566,0.11965811965811966,-73.93794132218349,40.82349476522329
FORT WASHINGTON AV / W 173 ST,454,144,104,84,122,310,0.0001881622428939353,0.6828193832599119,0.2290748898678414,0.18502202643171806,0.2687224669603524,-73.94028084761517,40.84579427030053
W 181 ST / WADSWORTH AV,263,140,70,28,25,123,0.00018293551392465932,0.467680608365019,0.2661596958174905,0.10646387832699619,0.09505703422053231,-73.93652,40.849455
E 93 ST / MADISON AV,255,138,36,77,4,117,0.00018032214944002132,0.4588235294117647,0.1411764705882353,0.30196078431372547,0.01568627450980392,-73.9553322824919,40.7855218071303
5 AV / W 49 ST,477,137,204,109,27,340,0.00017901546719770233,0.7127882599580713,0.4276729559748428,0.22851153039832284,0.05660377358490566,-73.97828761342964,40.75717801493892
E 89 ST / MADISON AV,390,135,104,113,38,255,0.00017640210271306433,0.6538461538461539,0.26666666666666666,0.28974358974358977,0.09743589743589744,-73.95706767446984,40.783255636058804
HUDSON ST / W 12 ST,233,135,62,27,9,98,0.00017640210271306433,0.4206008583690987,0.26609442060085836,0.11587982832618025,0.03862660944206009,-74.005157,40.737262
AV C / E 23 ST,337,133,151,22,31,204,0.00017378873822842636,0.6053412462908012,0.44807121661721067,0.06528189910979229,0.09198813056379822,-73.974669,40.736208
MANHATTAN AV / W 113 ST,245,133,45,47,20,112,0.00017378873822842636,0.45714285714285713,0.1836734693877551,0.19183673469387755,0.08163265306122448,-73.957198,40.804503
ADAM C POWELL BLVD / W 121 ST,241,132,20,60,29,109,0.00017248205598610736,0.45228215767634855,0.08298755186721991,0.24896265560165975,0.12033195020746888,-73.94927936617655,40.80743536323084
ADAM C POWELL BLVD / W 141 ST,222,130,37,49,6,92,0.00016986869150146936,0.4144144144144144,0.16666666666666666,0.22072072072072071,0.02702702702702703,-73.93980848130488,40.820393576847806
10 AV / DYCKMAN ST,360,129,112,74,45,231,0.00016856200925915036,0.6416666666666667,0.3111111111111111,0.20555555555555555,0.125,-73.924286,40.8608905
E 116 ST / PLEASANT AV,200,126,41,17,16,74,0.0001646419625321934,0.37,0.205,0.085,0.08,-73.934458,40.7955985
5 AV / W 59 ST,615,125,335,122,33,490,0.0001633352802898744,0.7967479674796748,0.5447154471544715,0.1983739837398374,0.05365853658536585,-73.97422912433628,40.76274863593565
BROADWAY / W 150 ST,323,125,83,90,25,198,0.0001633352802898744,0.6130030959752322,0.25696594427244585,0.2786377708978328,0.07739938080495357,-73.94971073015377,40.82770019357507
BROADWAY / W 142 ST,400,124,98,124,54,276,0.0001620285980475554,0.69,0.245,0.31,0.135,-73.95270358543226,40.82355237485861
BROADWAY / W 112 ST,351,123,167,30,31,228,0.0001607219158052364,0.6495726495726496,0.4757834757834758,0.08547008547008547,0.08831908831908832,-73.966097,40.80512
ADAM C POWELL BLVD / W 113 ST,217,123,34,44,16,94,0.0001607219158052364,0.43317972350230416,0.15668202764976957,0.20276497695852536,0.07373271889400922,-73.95363957636535,40.801444272185414
BROADWAY / W 149 ST,309,122,78,87,22,187,0.0001594152335629174,0.6051779935275081,0.2524271844660194,0.2815533980582524,0.07119741100323625,-73.94812912030987,40.829417214965446
FORT WASHINGTON AV / W 174 ST,292,122,75,71,24,170,0.0001594152335629174,0.5821917808219178,0.2568493150684932,0.24315068493150685,0.0821917808219178,-73.94067475402953,40.84506630636566
5 AV / E 32 ST,485,113,267,93,12,372,0.00014765509338204643,0.7670103092783506,0.5505154639175258,0.19175257731958764,0.024742268041237112,-73.98490300581109,40.746897851670745
31 ST / HOYT AV,329,112,160,21,36,217,0.00014634841113972746,0.6595744680851063,0.48632218844984804,0.06382978723404255,0.1094224924012158,-73.933905,40.802923
W 86 ST / WEST END AV,323,112,155,14,42,211,0.00014634841113972746,0.653250773993808,0.47987616099071206,0.043343653250773995,0.13003095975232198,-73.977765,40.786691
5 AV / E 92 ST,218,110,27,58,23,108,0.00014373504665508947,0.4954128440366973,0.12385321100917432,0.26605504587155965,0.10550458715596331,-73.95784949331285,40.78515966696796
5 AV / W 39 ST,241,110,67,50,14,131,0.00014373504665508947,0.5435684647302904,0.27800829875518673,0.2074688796680498,0.058091286307053944,-73.98338346939052,40.75018430936362
5 AV / E 66 ST,697,110,277,68,242,587,0.00014373504665508947,0.8421807747489239,0.39741750358680056,0.0975609756097561,0.3472022955523673,-73.97068239535318,40.76757074754288
5 AV / E 8 ST,227,109,77,30,11,118,0.00014242836441277047,0.5198237885462555,0.3392070484581498,0.13215859030837004,0.048458149779735685,-73.99461664612247,40.731759340195104
MANHATTAN AV / W 106 ST,250,109,102,20,19,141,0.00014242836441277047,0.564,0.408,0.08,0.076,-73.961689,40.7990365
5 AV / E 87 ST,283,107,68,91,17,176,0.00013981499992813247,0.6219081272084805,0.24028268551236748,0.3215547703180212,0.06007067137809187,-73.96108741154018,40.780718289246465
BROADWAY / W 152 ST,283,106,57,92,28,177,0.00013850831768581347,0.6254416961130742,0.20141342756183744,0.3250883392226148,0.0989399293286219,-73.94770199586675,40.83040237195854
W 96 ST / WEST END AV,290,105,77,76,32,185,0.0001372016354434945,0.6379310344827587,0.2655172413793103,0.2620689655172414,0.1103448275862069,-73.966928,40.795567500000004
EAST HOUSTON ST / FORSYTH ST,211,104,80,19,8,107,0.0001358949532011755,0.5071090047393365,0.3791469194312796,0.09004739336492891,0.037914691943127965,-73.989932,40.723448
ADAM C POWELL BLVD / W 139 ST,183,104,24,39,16,79,0.0001358949532011755,0.43169398907103823,0.13114754098360656,0.21311475409836064,0.08743169398907104,-73.9410816300288,40.81872784883571
COLUMBIA ST / GRAND ST,306,103,149,22,32,203,0.0001345882709588565,0.6633986928104575,0.4869281045751634,0.0718954248366013,0.10457516339869281,-73.983654,40.715051
W 87 ST / WEST END AV,252,101,123,22,6,151,0.0001319749064742185,0.5992063492063492,0.4880952380952381,0.0873015873015873,0.023809523809523808,-73.9777095,40.7887595
5 AV / E 57 ST,224,101,47,51,25,123,0.0001319749064742185,0.5491071428571429,0.20982142857142858,0.22767857142857142,0.11160714285714286,-73.9733574348657,40.76263438706905
8 AV / W 57 ST,223,101,58,45,19,122,0.0001319749064742185,0.547085201793722,0.2600896860986547,0.20179372197309417,0.08520179372197309,-73.98087643480038,40.76580909629968
E 26 ST / LEXINGTON AV,184,100,58,18,8,84,0.0001306682242318995,0.45652173913043476,0.31521739130434784,0.09782608695652174,0.043478260869565216,-73.9839115,40.7401505
ADAM C POWELL BLVD / W 112 ST,215,100,17,65,33,115,0.0001306682242318995,0.5348837209302325,0.07906976744186046,0.3023255813953488,0.15348837209302327,-73.9548579027473,40.799240696568056
BROADWAY / W 140 ST,336,100,114,107,15,236,0.0001306682242318995,0.7023809523809523,0.3392857142857143,0.31845238095238093,0.044642857142857144,-73.95362277909612,40.82228193660366
E 57 ST / LEXINGTON AV,210,100,33,57,20,110,0.0001306682242318995,0.5238095238095238,0.15714285714285714,0.2714285714285714,0.09523809523809523,-73.96994684562672,40.76135201619358
BROADWAY / W 207 ST,182,99,16,53,14,83,0.0001293615419895805,0.45604395604395603,0.08791208791208792,0.29120879120879123,0.07692307692307693,-73.91690650000001,40.867174500000004
ADAM C POWELL BLVD / W 142 ST,231,99,47,53,32,132,0.0001293615419895805,0.5714285714285714,0.20346320346320346,0.22943722943722944,0.13852813852813853,-73.9415893947206,40.81845220911287
11 AV / W 34 ST,409,98,266,29,16,311,0.00012805485974726153,0.7603911980440098,0.6503667481662592,0.07090464547677261,0.039119804400977995,-74.002207,40.75544
AV OF THE AMERICAS / W 23 ST,208,96,75,25,12,112,0.00012544149526262354,0.5384615384615384,0.3605769230769231,0.1201923076923077,0.057692307692307696,-73.994145,40.743528
ADAM C POWELL BLVD / W 131 ST,188,96,16,49,27,92,0.00012544149526262354,0.48936170212765956,0.0851063829787234,0.26063829787234044,0.14361702127659576,-73.9444186410899,40.81408616458565
5 AV / E 98 ST,153,96,20,27,10,57,0.00012544149526262354,0.37254901960784315,0.13071895424836602,0.17647058823529413,0.06535947712418301,-73.95592832199154,40.78779345471813
ADAM C POWELL BLVD / W 143 ST,178,93,24,50,11,85,0.00012152144853566654,0.47752808988764045,0.1348314606741573,0.2808988764044944,0.06179775280898876,-73.93970084710844,40.82054743334414
BROADWAY / W 161 ST,223,93,67,50,13,130,0.00012152144853566654,0.5829596412556054,0.3004484304932735,0.2242152466367713,0.05829596412556054,-73.94193170410087,40.837854635043314
5 AV / W 55 ST,365,93,175,74,23,272,0.00012152144853566654,0.7452054794520548,0.4794520547945205,0.20273972602739726,0.06301369863013699,-73.97570888064661,40.760720540865826
BROADWAY / W 114 ST,318,92,180,18,28,226,0.00012021476629334755,0.710691823899371,0.5660377358490566,0.05660377358490566,0.0880503144654088,-73.96530849629178,40.80629056167459
1 AV / E 20 ST,212,92,80,23,17,120,0.00012021476629334755,0.5660377358490566,0.37735849056603776,0.10849056603773585,0.08018867924528301,-73.97929500000001,40.735866
BROADWAY / W 151 ST,289,91,107,61,30,198,0.00011890808405102856,0.6851211072664359,0.370242214532872,0.21107266435986158,0.10380622837370242,-73.94700111239999,40.830966013303744
E 102 ST / MADISON AV,177,90,24,49,14,87,0.00011760140180870956,0.4915254237288136,0.13559322033898305,0.2768361581920904,0.07909604519774012,-73.95108196251904,40.79134520178815
E 37 ST / MADISON AV,211,82,41,64,24,129,0.00010714794387015759,0.6113744075829384,0.1943127962085308,0.3033175355450237,0.11374407582938388,-73.98087089991766,40.75055444298618
E 45 ST / MADISON AV,318,82,110,103,23,236,0.00010714794387015759,0.7421383647798742,0.34591194968553457,0.3238993710691824,0.07232704402515723,-73.97673063996004,40.756353304010794
1 AV / E 41 ST,709,79,567,34,29,630,0.00010322789714320061,0.8885754583921015,0.7997179125528914,0.047954866008462625,0.04090267983074753,-73.9702113477531,40.748236
12 AV / W 34 ST,216,79,90,30,17,137,0.00010322789714320061,0.6342592592592593,0.4166666666666667,0.1388888888888889,0.0787037037037037,-73.989765,40.750648
5 AV / W 52 ST,277,79,128,53,17,198,0.00010322789714320061,0.7148014440433214,0.4620938628158845,0.19133574007220217,0.061371841155234655,-73.97663380440945,40.75944783982442
ADAM C POWELL BLVD / W 154 ST,339,78,54,115,92,261,0.00010192121490088162,0.7699115044247787,0.1592920353982301,0.3392330383480826,0.2713864306784661,-73.93616042187882,40.825905057654225
E 61 ST / MADISON AV,224,77,13,118,16,147,0.00010061453265856263,0.65625,0.05803571428571429,0.5267857142857143,0.07142857142857142,-73.97061186755373,40.76458153554907
E 20 ST / E 20 ST LOOP,193,76,91,20,6,117,9.930785041624363e-05,0.6062176165803109,0.47150259067357514,0.10362694300518134,0.031088082901554404,-73.978763,40.734531
E 34 ST / MADISON AV,192,76,57,39,20,116,9.930785041624363e-05,0.6041666666666666,0.296875,0.203125,0.10416666666666667,-73.98167271419092,40.74992799846924
E 51 ST / MADISON AV,299,75,154,56,14,224,9.800116817392463e-05,0.7491638795986622,0.5150501672240803,0.18729096989966554,0.046822742474916385,-73.97409515189058,40.7599101993113
E 117 ST / PLEASANT AV,119,74,20,9,16,45,9.669448593160564e-05,0.37815126050420167,0.16806722689075632,0.07563025210084033,0.13445378151260504,-73.932886,40.795575
5 AV / W 53 ST,221,73,86,51,11,148,9.538780368928664e-05,0.669683257918552,0.3891402714932127,0.23076923076923078,0.049773755656108594,-73.9764180159792,40.759740530704
HUDSON ST / W 14 ST,244,73,116,26,29,171,9.538780368928664e-05,0.7008196721311475,0.47540983606557374,0.10655737704918032,0.11885245901639344,-74.002403,40.739693
BROADWAY / W 159 ST,184,73,50,47,14,111,9.538780368928664e-05,0.6032608695652174,0.2717391304347826,0.2554347826086957,0.07608695652173914,-73.94307539457917,40.836258430576194
ADAM C POWELL BLVD / W 140 ST,159,72,31,43,13,87,9.408112144696764e-05,0.5471698113207547,0.1949685534591195,0.27044025157232704,0.08176100628930817,-73.94223786197965,40.81771442076957
1 AV / E 120 ST,158,71,28,29,30,87,9.277443920464865e-05,0.5506329113924051,0.17721518987341772,0.18354430379746836,0.189873417721519,-73.9324915,40.799935500000004
5 AV / W 41 ST,249,71,117,47,14,178,9.277443920464865e-05,0.714859437751004,0.46987951807228917,0.18875502008032127,0.05622489959839357,-73.98224044308373,40.75174668629593
ADAM C POWELL BLVD / W 132 ST,114,70,14,16,14,44,9.146775696232966e-05,0.38596491228070173,0.12280701754385964,0.14035087719298245,0.12280701754385964,-73.94542030701746,40.81321308813297
ADAM C POWELL BLVD / W 149 ST,199,69,49,29,52,130,9.016107472001066e-05,0.6532663316582915,0.24623115577889448,0.1457286432160804,0.2613065326633166,-73.93646157532268,40.82504479831895
ADAM C POWELL BLVD / W 119 ST,128,67,33,21,7,61,8.754771023537268e-05,0.4765625,0.2578125,0.1640625,0.0546875,-73.94999203761316,40.80646039034984
DYER AV / W 34 ST,163,66,66,15,16,97,8.624102799305368e-05,0.5950920245398773,0.4049079754601227,0.09202453987730061,0.09815950920245399,-73.980236,40.746606
E 8 ST / UNIVERSITY PL,133,64,40,23,6,69,8.362766350841568e-05,0.518796992481203,0.3007518796992481,0.17293233082706766,0.045112781954887216,-73.99445855716027,40.73142698101983
CENTRAL PARK / E 79 ST TRANSVERSE,157,64,59,11,23,93,8.362766350841568e-05,0.5923566878980892,0.37579617834394907,0.07006369426751592,0.1464968152866242,-73.963676,40.776951
5 AV / W 46 ST,277,63,130,68,16,214,8.23209812660967e-05,0.7725631768953068,0.4693140794223827,0.24548736462093862,0.05776173285198556,-73.97934909215753,40.7557121794866
79 ST TRANSVERSE / CENTRAL PARK,114,63,43,5,3,51,8.23209812660967e-05,0.4473684210526316,0.37719298245614036,0.043859649122807015,0.02631578947368421,-73.971889,40.782127
ADAM C POWELL BLVD / W 133 ST,110,62,19,21,8,48,8.10142990237777e-05,0.43636363636363634,0.17272727272727273,0.19090909090909092,0.07272727272727272,-73.94433582481798,40.81420270463121
5 AV / E 97 ST,121,61,35,22,3,60,7.97076167814587e-05,0.49586776859504134,0.2892561983471074,0.18181818181818182,0.024793388429752067,-73.9540732346512,40.79154521808816
E 107 ST / MADISON AV,205,60,48,69,28,145,7.840093453913971e-05,0.7073170731707317,0.23414634146341465,0.33658536585365856,0.13658536585365855,-73.9483689724489,40.7952017257862
MANHATTAN AV / W 108 ST,90,59,24,5,2,31,7.709425229682071e-05,0.34444444444444444,0.26666666666666666,0.05555555555555555,0.022222222222222223,-73.960909,40.7993135
E 38 ST / MADISON AV,186,58,60,55,13,128,7.578757005450172e-05,0.6881720430107527,0.3225806451612903,0.2956989247311828,0.06989247311827956,-73.98084565626462,40.75073890682934
E 32 ST / MADISON AV,179,58,67,43,11,121,7.578757005450172e-05,0.6759776536312849,0.3743016759776536,0.24022346368715083,0.061452513966480445,-73.98572338046012,40.74324296268479
E 55 ST / MADISON AV,199,57,109,16,17,142,7.448088781218272e-05,0.7135678391959799,0.5477386934673367,0.08040201005025126,0.08542713567839195,-73.97270680717529,40.761941598271264
BROADWAY / W 131 ST,125,54,32,29,10,71,7.056084108522573e-05,0.568,0.256,0.232,0.08,-73.95655797757159,40.81788177285407
FORT GEORGE HILL / SAINT NICHOLAS AV,122,53,45,20,4,69,6.925415884290673e-05,0.5655737704918032,0.36885245901639346,0.16393442622950818,0.03278688524590164,-73.9292615,40.8553035
E 41 ST / MADISON AV,115,53,35,19,8,62,6.925415884290673e-05,0.5391304347826087,0.30434782608695654,0.16521739130434782,0.06956521739130435,-73.96164276466887,40.77997938779988
10 AV / W 34 ST,172,52,81,18,21,120,6.794747660058775e-05,0.6976744186046512,0.47093023255813954,0.10465116279069768,0.12209302325581395,-73.99273600000001,40.751898499999996
E 49 ST / MADISON AV,281,51,177,38,15,230,6.664079435826875e-05,0.8185053380782918,0.6298932384341637,0.13523131672597866,0.05338078291814947,-73.97542475371465,40.75806282847919
10 AV / W 57 ST,171,51,50,55,15,120,6.664079435826875e-05,0.7017543859649122,0.29239766081871343,0.3216374269005848,0.08771929824561403,-73.98879635797526,40.769306984377096
W 61 ST / WEST END AV,234,51,50,76,57,183,6.664079435826875e-05,0.782051282051282,0.21367521367521367,0.3247863247863248,0.24358974358974358,-73.98974062651224,40.77277985773508
E 80 ST / EAST END AV,132,51,60,14,7,81,6.664079435826875e-05,0.6136363636363636,0.45454545454545453,0.10606060606060606,0.05303030303030303,-73.94846799999999,40.770646
5 AV / E 104 ST,157,50,53,47,7,107,6.533411211594975e-05,0.6815286624203821,0.3375796178343949,0.29936305732484075,0.044585987261146494,-73.95229058085361,40.79278576167911
5 AV / W 47 ST,192,49,80,54,9,143,6.402742987363077e-05,0.7447916666666666,0.4166666666666667,0.28125,0.046875,-73.97862562873686,40.756710124178284
ADAM C POWELL BLVD / W 114 ST,209,49,29,50,81,160,6.402742987363077e-05,0.7655502392344498,0.13875598086124402,0.23923444976076555,0.3875598086124402,-73.95393900346704,40.80143249420982
E 104 ST / MADISON AV,149,49,24,59,17,100,6.402742987363077e-05,0.6711409395973155,0.1610738255033557,0.3959731543624161,0.11409395973154363,-73.9505488948933,40.79208980212165
MANHATTAN AV / W 109 ST,92,49,22,13,8,43,6.402742987363077e-05,0.4673913043478261,0.2391304347826087,0.14130434782608695,0.08695652173913043,-73.959427,40.8014435
5 AV / W 44 ST,260,48,157,38,17,212,6.272074763131177e-05,0.8153846153846154,0.6038461538461538,0.14615384615384616,0.06538461538461539,-73.98027791542074,40.7544399514621
ADAM C POWELL BLVD / W 128 ST,139,48,43,36,12,91,6.272074763131177e-05,0.6546762589928058,0.30935251798561153,0.2589928057553957,0.08633093525179857,-73.94764205974025,40.81010572598852
AV C / E 20 ST,150,47,74,21,8,103,6.141406538899277e-05,0.6866666666666666,0.49333333333333335,0.14,0.05333333333333334,-73.976549,40.7335895
ADAM C POWELL BLVD / W 127 ST,95,46,16,27,6,49,6.010738314667378e-05,0.5157894736842106,0.16842105263157894,0.28421052631578947,0.06315789473684211,-73.94706734888712,40.81050488150535
BROADWAY / W 72 ST,199,46,45,95,13,153,6.010738314667378e-05,0.7688442211055276,0.22613065326633167,0.47738693467336685,0.06532663316582915,-73.98294876163557,40.77907919813841
W 64 ST / WEST END AV,233,45,95,66,27,188,5.880070090435478e-05,0.8068669527896996,0.40772532188841204,0.2832618025751073,0.11587982832618025,-73.98854268207745,40.774285094555275
9 AV / W 57 ST,164,44,42,64,14,120,5.7494018662035786e-05,0.7317073170731707,0.25609756097560976,0.3902439024390244,0.08536585365853659,-73.98589526437132,40.76808763813496
ADAM C POWELL BLVD / W 138 ST,153,44,48,37,24,109,5.7494018662035786e-05,0.7124183006535948,0.3137254901960784,0.24183006535947713,0.1568627450980392,-73.94314231147634,40.81681114395483
ADAM C POWELL BLVD / W 123 ST,124,41,56,21,6,83,5.3573971935078796e-05,0.6693548387096774,0.45161290322580644,0.1693548387096774,0.04838709677419355,-73.94898179500858,40.80805462010032
BROADWAY / W 125 ST,93,41,24,18,10,52,5.3573971935078796e-05,0.5591397849462365,0.25806451612903225,0.1935483870967742,0.10752688172043011,-73.95896236675797,40.81502671304592
CENTRAL PARK WEST / W 96 ST,84,40,21,13,10,44,5.2267289692759804e-05,0.5238095238095238,0.25,0.15476190476190477,0.11904761904761904,-73.95557099999999,40.78777049999999
5 AV / W 31 ST,96,40,21,31,4,56,5.2267289692759804e-05,0.5833333333333334,0.21875,0.3229166666666667,0.041666666666666664,-73.98631468319283,40.7461731164386
CENTRAL PARK / W 86 ST TRANSVERSE RD,84,39,33,5,7,45,5.096060745044081e-05,0.5357142857142857,0.39285714285714285,0.05952380952380952,0.08333333333333333,-73.96944400000001,40.7853655
E 8 ST / LAFAYETTE ST,318,39,245,29,5,279,5.096060745044081e-05,0.8773584905660378,0.7704402515723271,0.09119496855345911,0.015723270440251572,-73.99040643126673,40.73086919058276
WATERSIDE 1 / WATERSIDE PLAZA,118,39,56,7,16,79,5.096060745044081e-05,0.6694915254237288,0.4745762711864407,0.059322033898305086,0.13559322033898305,-73.976719,40.737132
5 AV / E 80 ST,72,38,13,13,8,34,4.965392520812181e-05,0.4722222222222222,0.18055555555555555,0.18055555555555555,0.1111111111111111,-73.96349822205343,40.77739416867314
E 46 ST / MADISON AV,199,38,87,62,12,161,4.965392520812181e-05,0.8090452261306532,0.4371859296482412,0.31155778894472363,0.06030150753768844,-73.97667861311841,40.756239683607674
BROADWAY / W 153 ST,127,37,38,39,13,90,4.834724296580282e-05,0.7086614173228346,0.2992125984251969,0.30708661417322836,0.10236220472440945,-73.94606037251276,40.83221329059567
SEDGWICK AV / W 231 ST,58,36,8,8,6,22,4.704056072348382e-05,0.3793103448275862,0.13793103448275862,0.13793103448275862,0.10344827586206896,-73.93678750000001,40.849176
1 AV / E 55 ST,111,36,54,6,15,75,4.704056072348382e-05,0.6756756756756757,0.4864864864864865,0.05405405405405406,0.13513513513513514,-73.964211,40.756568
SEDGWICK AV / W 197 ST,60,36,16,2,6,24,4.704056072348382e-05,0.4,0.26666666666666666,0.03333333333333333,0.1,-73.9365745,40.849376
5 AV / W 17 ST,89,35,17,30,7,54,4.573387848116483e-05,0.6067415730337079,0.19101123595505617,0.33707865168539325,0.07865168539325842,-73.99330073049916,40.736582041921125
5 AV / E 69 ST,80,35,35,6,4,45,4.573387848116483e-05,0.5625,0.4375,0.075,0.05,-73.96947836031416,40.76922105507519
5 AV / W 26 ST,86,35,23,23,5,51,4.573387848116483e-05,0.5930232558139535,0.26744186046511625,0.26744186046511625,0.05813953488372093,-73.9882603809152,40.743492012481155
ADAM C POWELL BLVD / W 130 ST,91,32,22,31,6,59,4.181383175420784e-05,0.6483516483516484,0.24175824175824176,0.34065934065934067,0.06593406593406594,-73.9472014973856,40.81082047392058
ADAM C POWELL BLVD / W 147 ST,137,31,36,32,38,106,4.050714951188885e-05,0.7737226277372263,0.26277372262773724,0.23357664233576642,0.2773722627737226,-73.9374845614475,40.82342156395777
11 AV / W 58 ST,210,31,68,22,89,179,4.050714951188885e-05,0.8523809523809524,0.3238095238095238,0.10476190476190476,0.4238095238095238,-73.99012713129304,40.771969854916364
HUDSON BLVD E / W 34 ST,93,31,48,9,5,62,4.050714951188885e-05,0.6666666666666666,0.5161290322580645,0.0967741935483871,0.053763440860215055,-74.000524,40.75519
FORT WASHINGTON AV / W 178 ST,43,30,3,5,5,13,3.9200467269569857e-05,0.3023255813953488,0.06976744186046512,0.11627906976744186,0.11627906976744186,-73.936793,40.847917
11 AV / W 24 ST,98,30,36,19,13,68,3.9200467269569857e-05,0.6938775510204082,0.3673469387755102,0.19387755102040816,0.1326530612244898,-74.0070225,40.749750500000005
WATERSIDE / WATERSIDE,103,30,53,11,9,73,3.9200467269569857e-05,0.7087378640776699,0.5145631067961165,0.10679611650485436,0.08737864077669903,-73.97922,40.746031
5 AV / W 12 ST,103,30,12,54,7,73,3.9200467269569857e-05,0.7087378640776699,0.11650485436893204,0.5242718446601942,0.06796116504854369,-73.99477758595113,40.73453370047013
ASTORIA BLVD / STEINWAY ST,54,29,14,8,3,25,3.789378502725086e-05,0.46296296296296297,0.25925925925925924,0.14814814814814814,0.05555555555555555,-73.9555725,40.8076405
E 30 ST / MADISON AV,75,28,20,20,7,47,3.6587102784931866e-05,0.6266666666666667,0.26666666666666666,0.26666666666666666,0.09333333333333334,-73.98362099107193,40.747357835491535
5 AV / W 28 ST,58,28,9,16,5,30,3.6587102784931866e-05,0.5172413793103449,0.15517241379310345,0.27586206896551724,0.08620689655172414,-73.98774084724505,40.74419997133519
E 40 ST / MADISON AV,99,28,40,16,15,71,3.6587102784931866e-05,0.7171717171717171,0.40404040404040403,0.16161616161616163,0.15151515151515152,-73.97959071382711,40.75250675160736
10 AV / W 18 ST,79,28,26,17,8,51,3.6587102784931866e-05,0.6455696202531646,0.3291139240506329,0.21518987341772153,0.10126582278481013,-74.002197,40.748085
77 ST / ASTORIA BLVD,47,26,12,6,3,21,3.3973738300293875e-05,0.44680851063829785,0.2553191489361702,0.1276595744680851,0.06382978723404255,-73.95596,40.809233
5 AV / W 45 ST,150,26,75,39,10,124,3.3973738300293875e-05,0.8266666666666667,0.5,0.26,0.06666666666666667,-73.980269333367,40.75446483549422
W 59 ST / WEST END AV,125,25,18,71,11,100,3.2667056057974876e-05,0.8,0.144,0.568,0.088,-73.990756592554,40.77137438353854
ADAM C POWELL BLVD / W 153 ST,49,24,7,15,3,25,3.1360373815655884e-05,0.5102040816326531,0.14285714285714285,0.30612244897959184,0.061224489795918366,-73.94030661370499,40.83080280810317
4 AV / E 13 ST,84,24,44,14,2,60,3.1360373815655884e-05,0.7142857142857143,0.5238095238095238,0.16666666666666666,0.023809523809523808,-73.98974880173346,40.73540892905088
CENTRAL PARK WEST / W 86 ST TRANSVERSE RD,51,24,21,4,2,27,3.1360373815655884e-05,0.5294117647058824,0.4117647058823529,0.0784313725490196,0.0392156862745098,-73.969776,40.785442
ADAM C POWELL BLVD / W 122 ST,74,23,28,20,3,51,3.005369157333689e-05,0.6891891891891891,0.3783783783783784,0.2702702702702703,0.04054054054054054,-73.95043418581153,40.80645447624712
E 72 ST / YORK AV,189,23,102,38,26,166,3.005369157333689e-05,0.8783068783068783,0.5396825396825397,0.20105820105820105,0.13756613756613756,-73.954122,40.766641
MANHATTAN AV / W 111 ST,54,22,24,6,2,32,2.8747009331017893e-05,0.5925925925925926,0.4444444444444444,0.1111111111111111,0.037037037037037035,-73.958186,40.8029325
FDR DR / FERRY TERMINAL,49,22,19,3,5,27,2.8747009331017893e-05,0.5510204081632653,0.3877551020408163,0.061224489795918366,0.10204081632653061,-73.980151,40.746581
ADAM C POWELL BLVD / W 120 ST,71,22,14,22,13,49,2.8747009331017893e-05,0.6901408450704225,0.19718309859154928,0.30985915492957744,0.18309859154929578,-73.95232167149311,40.80373943276833
2 AV / E 60 ST,43,22,11,7,3,21,2.8747009331017893e-05,0.4883720930232558,0.2558139534883721,0.16279069767441862,0.06976744186046512,-73.963106,40.761871
SAINT NICHOLAS AV / W 181 ST,33,22,4,4,3,11,2.8747009331017893e-05,0.3333333333333333,0.12121212121212122,0.12121212121212122,0.09090909090909091,-73.936706,40.849237
DITMARS BLVD / GRAND CENTRAL PKWY,33,22,8,2,1,11,2.8747009331017893e-05,0.3333333333333333,0.24242424242424243,0.06060606060606061,0.030303030303030304,-73.946872,40.807968
E 74 ST / YORK AV,225,21,125,18,61,204,2.7440327088698898e-05,0.9066666666666666,0.5555555555555556,0.08,0.27111111111111114,-73.952294,40.768961
E 57 ST / SUTTON PL,53,21,16,9,7,32,2.7440327088698898e-05,0.6037735849056604,0.3018867924528302,0.16981132075471697,0.1320754716981132,-73.96114948534223,40.75749401577757
RIVERDALE AV / W 236 ST,38,20,11,1,6,18,2.6133644846379902e-05,0.47368421052631576,0.2894736842105263,0.02631578947368421,0.15789473684210525,-73.9363535,40.8492985
ADAM C POWELL BLVD / W 129 ST,57,20,13,16,8,37,2.6133644846379902e-05,0.6491228070175439,0.22807017543859648,0.2807017543859649,0.14035087719298245,-73.9458233456527,40.812376012869144
23 AV / 82 ST,28,19,4,5,0,9,2.4826962604060907e-05,0.32142857142857145,0.14285714285714285,0.17857142857142858,0.0,-73.94957600000001,40.8094075
E 18 ST / PARK AV SOUTH,39,18,5,10,6,21,2.352028036174191e-05,0.5384615384615384,0.1282051282051282,0.2564102564102564,0.15384615384615385,-73.9886155834332,40.736932782215966
ASTORIA BLVD SOUTH / STEINWAY ST,30,18,7,1,4,12,2.352028036174191e-05,0.4,0.23333333333333334,0.03333333333333333,0.13333333333333333,-73.94664449999999,40.808221
E 52 ST / MADISON AV,103,18,57,23,5,85,2.352028036174191e-05,0.8252427184466019,0.5533980582524272,0.22330097087378642,0.04854368932038835,-73.97402609396437,40.75988150476294
E 21 ST / PARK AV SOUTH,70,17,26,24,3,53,2.2213598119422916e-05,0.7571428571428571,0.37142857142857144,0.34285714285714286,0.04285714285714286,-73.98708762266006,40.73904707029049
CATHEDRAL PKWY / COLUMBUS AV,47,17,9,17,4,30,2.2213598119422916e-05,0.6382978723404256,0.19148936170212766,0.3617021276595745,0.0851063829787234,-73.95952365607415,40.80100972214936
MANHATTAN AV / W 114 ST,43,17,14,5,7,26,2.2213598119422916e-05,0.6046511627906976,0.32558139534883723,0.11627906976744186,0.16279069767441862,-73.957806,40.802531
9 AV / W 18 ST,49,17,25,7,0,32,2.2213598119422916e-05,0.6530612244897959,0.5102040816326531,0.14285714285714285,0.0,-73.992384,40.751765
5 AV / W 20 ST,47,16,17,12,2,31,2.090691587710392e-05,0.6595744680851063,0.3617021276595745,0.2553191489361702,0.0425531914893617,-73.99115015132281,40.73952766095607
E 60 ST / YORK AV,35,16,6,10,3,19,2.090691587710392e-05,0.5428571428571428,0.17142857142857143,0.2857142857142857,0.08571428571428572,-73.960416,40.761644
UNIVERSITY AV / W 190 ST,37,16,15,1,5,21,2.090691587710392e-05,0.5675675675675675,0.40540540540540543,0.02702702702702703,0.13513513513513514,-73.936813,40.849136
CENTRAL PARK WEST / E 79 ST TRANSVERSE,38,15,14,4,5,23,1.9600233634784928e-05,0.6052631578947368,0.3684210526315789,0.10526315789473684,0.13157894736842105,-73.9719075,40.782143000000005
BROADWAY / ISHAM ST W 211 ST,28,15,4,9,0,13,1.9600233634784928e-05,0.4642857142857143,0.14285714285714285,0.32142857142857145,0.0,-73.9168075,40.8673525
SEDGWICK AV / WEST KINGSBRIDGE RD,26,15,5,2,4,11,1.9600233634784928e-05,0.4230769230769231,0.19230769230769232,0.07692307692307693,0.15384615384615385,-73.936286,40.849618
UNIVERSITY AV / W 192 ST,28,15,3,8,2,13,1.9600233634784928e-05,0.4642857142857143,0.10714285714285714,0.2857142857142857,0.07142857142857142,-73.933194,40.855664
5 AV / E 63 ST,92,15,41,13,23,77,1.9600233634784928e-05,0.8369565217391305,0.44565217391304346,0.14130434782608695,0.25,-73.97133613186921,40.76668356579922
5 AV / E 86 ST,95,15,54,10,16,80,1.9600233634784928e-05,0.8421052631578947,0.5684210526315789,0.10526315789473684,0.16842105263157894,-73.96062,40.781342
CATHEDRAL PKWY / MORNINGSIDE DR,38,14,8,14,2,24,1.8293551392465933e-05,0.631578947368421,0.21052631578947367,0.3684210526315789,0.05263157894736842,-73.96135223714461,40.8019842740657
AV D / E 6 ST,28,14,9,2,3,14,1.8293551392465933e-05,0.5,0.32142857142857145,0.07142857142857142,0.10714285714285714,-73.9775635,40.744119999999995
FORT INDEPENDENCE ST / SEDGWICK AV,25,14,6,2,3,11,1.8293551392465933e-05,0.44,0.24,0.08,0.12,-73.93674,40.84921
UNIVERSITY AV / W 183 ST,25,14,4,4,3,11,1.8293551392465933e-05,0.44,0.16,0.16,0.12,-73.936635,40.849295
UNIVERSITY AV / WEST FORDHAM RD,27,14,8,2,3,13,1.8293551392465933e-05,0.48148148148148145,0.2962962962962963,0.07407407407407407,0.1111111111111111,-73.936757,40.8492
AV D / E 10 ST,32,13,9,8,2,19,1.6986869150146937e-05,0.59375,0.28125,0.25,0.0625,-73.98019049999999,40.745582999999996
LGA INTERNAL RDWY / TERMINAL C,17,13,2,2,0,4,1.6986869150146937e-05,0.23529411764705882,0.11764705882352941,0.11764705882352941,0.0,-73.935189,40.80345
5 AV / W 10 ST,48,13,12,23,0,35,1.6986869150146937e-05,0.7291666666666666,0.25,0.4791666666666667,0.0,-73.99568710331138,40.73328345798616
W 66 ST / WEST END AV,56,13,26,11,6,43,1.6986869150146937e-05,0.7678571428571429,0.4642857142857143,0.19642857142857142,0.10714285714285714,-73.9878744686149,40.77527973808903
E 35 ST / FDR DR,40,13,14,6,7,27,1.6986869150146937e-05,0.675,0.35,0.15,0.175,-73.976576,40.743706
W 69 ST / WEST END AV,48,13,6,18,11,35,1.6986869150146937e-05,0.7291666666666666,0.125,0.375,0.22916666666666666,-73.98626503631155,40.77752718211193
11 AV / W 57 ST,76,12,41,18,5,64,1.5680186907827942e-05,0.8421052631578947,0.5394736842105263,0.23684210526315788,0.06578947368421052,-73.98977349917557,40.76952638164613
E 8 ST / MERCER ST,46,12,16,16,2,34,1.5680186907827942e-05,0.7391304347826086,0.34782608695652173,0.34782608695652173,0.043478260869565216,-73.99161474252344,40.730831070337565
E 64 ST / YORK AV,41,12,7,19,3,29,1.5680186907827942e-05,0.7073170731707317,0.17073170731707318,0.4634146341463415,0.07317073170731707,-73.959941,40.762329
UNIVERSITY AV / WEST KINGSBRIDGE RD,21,12,4,4,1,9,1.5680186907827942e-05,0.42857142857142855,0.19047619047619047,0.19047619047619047,0.047619047619047616,-73.93548,40.850714
FULTON ST / JAY ST,22,11,8,2,1,11,1.4373504665508947e-05,0.5,0.36363636363636365,0.09090909090909091,0.045454545454545456,-73.990002,40.7198295
E 163 ST / INTERVALE AV,14,11,3,0,0,3,1.4373504665508947e-05,0.21428571428571427,0.21428571428571427,0.0,0.0,-73.942128,40.8327885
AV C / E 14 ST,31,11,17,3,0,20,1.4373504665508947e-05,0.6451612903225806,0.5483870967741935,0.0967741935483871,0.0,-73.988217,40.748967
UNIVERSITY AV / W 176 ST,16,11,3,1,1,5,1.4373504665508947e-05,0.3125,0.1875,0.0625,0.0625,-73.9367435,40.849216999999996
5 AV / E 75 ST,84,11,50,14,9,73,1.4373504665508947e-05,0.8690476190476191,0.5952380952380952,0.16666666666666666,0.10714285714285714,-73.966958083442,40.77267389654146
W 70 ST / WEST END AV,75,10,34,28,3,65,1.3066822423189951e-05,0.8666666666666667,0.4533333333333333,0.37333333333333335,0.04,-73.98514419580577,40.77891638459507
BROADWAY / W 215 ST,16,10,2,1,3,6,1.3066822423189951e-05,0.375,0.125,0.0625,0.1875,-73.91862850000001,40.8663175
E 84 ST / YORK AV,143,10,117,9,7,133,1.3066822423189951e-05,0.9300699300699301,0.8181818181818182,0.06293706293706294,0.04895104895104895,-73.947984,40.774737
RIVERDALE AV / W 238 ST,19,10,5,3,1,9,1.3066822423189951e-05,0.47368421052631576,0.2631578947368421,0.15789473684210525,0.05263157894736842,-73.936648,40.849293
WATERSIDE 2 / WATERSIDE PLAZA,27,10,12,3,2,17,1.3066822423189951e-05,0.6296296296296297,0.4444444444444444,0.1111111111111111,0.07407407407407407,-73.978654,40.745928
LAGUARDIA / TERMINAL C,21,9,5,6,1,12,1.1760140180870956e-05,0.5714285714285714,0.23809523809523808,0.2857142857142857,0.047619047619047616,-73.935389,40.803288
31 ST / HOYT AV SOUTH,37,9,18,4,6,28,1.1760140180870956e-05,0.7567567567567568,0.4864864864864865,0.10810810810810811,0.16216216216216217,-73.9656,40.804338
CLOISTERS / MARGARET CORBIN DR,22,9,9,2,2,13,1.1760140180870956e-05,0.5909090909090909,0.4090909090909091,0.09090909090909091,0.09090909090909091,-73.93665291090127,40.85506640727317
81 ST / DITMARS BLVD,11,8,2,1,0,3,1.045345793855196e-05,0.2727272727272727,0.18181818181818182,0.09090909090909091,0.0,-73.946519,40.808199
FT INDEPENDENCE ST / SEDGWICK AV,11,8,2,1,0,3,1.045345793855196e-05,0.2727272727272727,0.18181818181818182,0.09090909090909091,0.0,-73.936704,40.849254
AV C / E 11 ST,23,8,11,3,1,15,1.045345793855196e-05,0.6521739130434783,0.4782608695652174,0.13043478260869565,0.043478260869565216,-73.982613,40.749448
UNIVERSITY AV / WEST BURNSIDE AV,11,8,0,3,0,3,1.045345793855196e-05,0.2727272727272727,0.0,0.2727272727272727,0.0,-73.936806,40.849148
HENRY HUDSON PKWY EAST / W 252 ST,15,8,4,1,2,7,1.045345793855196e-05,0.4666666666666667,0.26666666666666666,0.06666666666666667,0.13333333333333333,-73.938451,40.84646
CENTRAL PARK WEST / W 86 ST,19,8,9,0,2,11,1.045345793855196e-05,0.5789473684210527,0.47368421052631576,0.0,0.10526315789473684,-73.969716,40.778051
HENRY HUDSON PKWY EAST / W 239 ST,14,8,0,5,1,6,1.045345793855196e-05,0.42857142857142855,0.0,0.35714285714285715,0.07142857142857142,-73.93613099999999,40.849481999999995
LAGUARDIA / TERMINAL B,13,8,3,2,0,5,1.045345793855196e-05,0.38461538461538464,0.23076923076923078,0.15384615384615385,0.0,-73.947428,40.804331
BROADWAY / W 57 ST,48,7,30,6,5,41,9.146775696232966e-06,0.8541666666666666,0.625,0.125,0.10416666666666667,-73.98212227150009,40.76648671107111
RIVERDALE AV / W 261 ST,10,7,1,2,0,3,9.146775696232966e-06,0.3,0.1,0.2,0.0,-73.936789,40.8491805
COLUMBIA ST / EAST HOUSTON ST,15,7,6,2,0,8,9.146775696232966e-06,0.5333333333333333,0.4,0.13333333333333333,0.0,-73.986934,40.749454
COLUMBIA ST / DELANCEY ST,22,7,13,2,0,15,9.146775696232966e-06,0.6818181818181818,0.5909090909090909,0.09090909090909091,0.0,-73.9824146560795,40.737024
E 34 ST / MARGINAL ST,22,7,6,6,3,15,9.146775696232966e-06,0.6818181818181818,0.2727272727272727,0.2727272727272727,0.13636363636363635,-73.977947,40.74392
BAILEY PL / FORT INDEPENDENCE ST,11,7,3,1,0,4,9.146775696232966e-06,0.36363636363636365,0.2727272727272727,0.09090909090909091,0.0,-73.936751,40.849206
9 AV / W 14 ST,12,7,4,1,0,5,9.146775696232966e-06,0.4166666666666667,0.3333333333333333,0.08333333333333333,0.0,-73.99178,40.7407105
BROADWAY / W 225 ST,13,7,1,3,2,6,9.146775696232966e-06,0.46153846153846156,0.07692307692307693,0.23076923076923078,0.15384615384615385,-73.932149,40.857719
AV C / E 12 ST,11,7,2,2,0,4,9.146775696232966e-06,0.36363636363636365,0.18181818181818182,0.18181818181818182,0.0,-73.980682,40.744066
HENRY HUDSON PKWY EAST / W 246 ST,10,7,1,2,0,3,9.146775696232966e-06,0.3,0.1,0.2,0.0,-73.933033,40.849335499999995
RAMP / TRIBORO BR,16,7,5,3,1,9,9.146775696232966e-06,0.5625,0.3125,0.1875,0.0625,-73.954504,40.8054825
E 56 ST / MADISON AV,53,7,36,7,3,46,9.146775696232966e-06,0.8679245283018868,0.6792452830188679,0.1320754716981132,0.05660377358490566,-73.9725946751467,40.761858310458855
5 AV / E 77 ST,40,7,24,4,5,33,9.146775696232966e-06,0.825,0.6,0.1,0.125,-73.96500467986101,40.77534135083083
UNIVERSITY AV / WEST TREMONT AV,14,6,2,3,3,8,7.840093453913971e-06,0.5714285714285714,0.14285714285714285,0.21428571428571427,0.21428571428571427,-73.9355665,40.8507495
BROADWAY / W 228 ST,12,6,3,3,0,6,7.840093453913971e-06,0.5,0.25,0.25,0.0,-73.9331535,40.855765500000004
E 76 ST / YORK AV,77,6,60,1,10,71,7.840093453913971e-06,0.922077922077922,0.7792207792207793,0.012987012987012988,0.12987012987012986,-73.951119,40.770468
RIVERDALE AV / W 256 ST,9,6,2,0,1,3,7.840093453913971e-06,0.3333333333333333,0.2222222222222222,0.0,0.1111111111111111,-73.920539,40.862313
5 AV / E 62 ST,91,6,54,24,7,85,7.840093453913971e-06,0.9340659340659341,0.5934065934065934,0.26373626373626374,0.07692307692307693,-73.97245426176627,40.765137653357506
TIBBETT AV / W 231 ST,8,6,2,0,0,2,7.840093453913971e-06,0.25,0.25,0.0,0.0,-73.9267665,40.862029
CENTRAL PK W / W 81 ST,34,6,25,3,0,28,7.840093453913971e-06,0.8235294117647058,0.7352941176470589,0.08823529411764706,0.0,-73.97013,40.779549
HALL OF FAME TERR / UNIVERSITY AV,12,6,4,2,0,6,7.840093453913971e-06,0.5,0.3333333333333333,0.16666666666666666,0.0,-73.9366795,40.8492565
BROADWAY / W 238 ST,10,6,1,1,2,4,7.840093453913971e-06,0.4,0.1,0.1,0.2,-73.936683,40.8492785
W 14 ST / WASHINGTON ST,12,6,2,4,0,6,7.840093453913971e-06,0.5,0.16666666666666666,0.3333333333333333,0.0,-73.98782750000001,40.749821499999996
E 82 ST / YORK AV,160,5,129,9,17,155,6.5334112115949755e-06,0.96875,0.80625,0.05625,0.10625,-73.949499,40.773197499999995
47 AV / JACKSON AV,5,5,0,0,0,0,6.5334112115949755e-06,0.0,0.0,0.0,0.0,-73.990042,40.719596
79 ST TRANSVERSE RD / CENTRAL PARK,7,5,1,0,1,2,6.5334112115949755e-06,0.2857142857142857,0.14285714285714285,0.0,0.14285714285714285,-73.963574,40.776918
LGA / TERMINAL A MARINE AIR TERMINAL,10,5,4,0,1,5,6.5334112115949755e-06,0.5,0.4,0.0,0.1,-73.94855050000001,40.806365
77 ST / ASTORIA BLVD NORTH,9,5,2,1,1,4,6.5334112115949755e-06,0.4444444444444444,0.2222222222222222,0.1111111111111111,0.1111111111111111,-73.951893,40.810451
31 ST / ASTORIA BLVD,11,5,3,3,0,6,6.5334112115949755e-06,0.5454545454545454,0.2727272727272727,0.2727272727272727,0.0,-73.946327,40.808025
RIVERDALE AV / W 231 ST,13,5,6,2,0,8,6.5334112115949755e-06,0.6153846153846154,0.46153846153846156,0.15384615384615385,0.0,-73.936027,40.849741
CORLEAR AV / W 231 ST,9,5,4,0,0,4,6.5334112115949755e-06,0.4444444444444444,0.4444444444444444,0.0,0.0,-73.936188,40.849343
E 69 ST / YORK AV,163,5,141,3,14,158,6.5334112115949755e-06,0.9693251533742331,0.8650306748466258,0.018404907975460124,0.08588957055214724,-73.955343,40.764949
RIVERDALE AV / W 263 ST,7,5,1,1,0,2,6.5334112115949755e-06,0.2857142857142857,0.14285714285714285,0.14285714285714285,0.0,-73.938393,40.846482
FORT INDEPENDENCE ST / GILES PL,11,5,3,2,1,6,6.5334112115949755e-06,0.5454545454545454,0.2727272727272727,0.18181818181818182,0.09090909090909091,-73.936644,40.849299
BROADWAY / EXTERIOR ST,5,4,0,1,0,1,5.22672896927598e-06,0.2,0.0,0.2,0.0,-73.936791,40.849161
BROADWAY / W 230 ST,7,4,1,0,2,3,5.22672896927598e-06,0.42857142857142855,0.14285714285714285,0.0,0.2857142857142857,-73.933529,40.845124
UNIVERSITY AV / W 181 ST,9,4,1,2,2,5,5.22672896927598e-06,0.5555555555555556,0.1111111111111111,0.2222222222222222,0.2222222222222222,-73.936706,40.84926
94 ST / LAGUARDIA RD,9,4,4,1,0,5,5.22672896927598e-06,0.5555555555555556,0.4444444444444444,0.1111111111111111,0.0,-73.952198,40.810431
UNIVERSITY AV / W 179 ST,5,4,0,0,1,1,5.22672896927598e-06,0.2,0.0,0.0,0.2,-73.936046,40.849883
E 23 ST / PARK AV,52,4,46,2,0,48,5.22672896927598e-06,0.9230769230769231,0.8846153846153846,0.038461538461538464,0.0,-73.9875225,40.740678
RIVERDALE AV / W 239 ST,12,4,3,3,2,8,5.22672896927598e-06,0.6666666666666666,0.25,0.25,0.16666666666666666,-73.9309825,40.860198499999996
E 55 ST / SUTTON PL,37,4,33,0,0,33,5.22672896927598e-06,0.8918918918918919,0.8918918918918919,0.0,0.0,-73.96346358580628,40.756881684967496
COLUMBUS AV / W 84 ST,68,4,56,2,6,64,5.22672896927598e-06,0.9411764705882353,0.8235294117647058,0.029411764705882353,0.08823529411764706,-73.973746,40.784364499999995
EAST HOUSTON ST / MANGIN ST,8,4,2,1,1,4,5.22672896927598e-06,0.5,0.25,0.125,0.125,-73.990042,40.7507585
AV D / EAST HOUSTON ST,9,4,3,1,1,5,5.22672896927598e-06,0.5555555555555556,0.3333333333333333,0.1111111111111111,0.1111111111111111,-73.977788,40.744339
AV D / E 5 ST,17,4,8,2,3,13,5.22672896927598e-06,0.7647058823529411,0.47058823529411764,0.11764705882352941,0.17647058823529413,-73.983869,40.747368
LIVINGSTON ST / SMITH ST,5,4,1,0,0,1,5.22672896927598e-06,0.2,0.2,0.0,0.0,-73.990206,40.71986
AV D / E 4 ST,9,4,4,0,1,5,5.22672896927598e-06,0.5555555555555556,0.4444444444444444,0.0,0.1111111111111111,-73.982676,40.747608
LGA / TERMINAL B,11,4,6,0,1,7,5.22672896927598e-06,0.6363636363636364,0.5454545454545454,0.0,0.09090909090909091,-73.966514,40.804363
AV B / E 14 ST,20,4,14,2,0,16,5.22672896927598e-06,0.8,0.7,0.1,0.0,-73.980474,40.7334005
W 97 ST / WEST END AV,23,4,10,4,5,19,5.22672896927598e-06,0.8260869565217391,0.43478260869565216,0.17391304347826086,0.21739130434782608,-73.96171463330725,40.805651
UNIVERSITY AV / W 175 ST,5,3,1,1,0,2,3.9200467269569855e-06,0.4,0.2,0.2,0.0,-73.936252,40.849646
G W BRIDGE ENTRANCE RAMP / UNIVERSITY AV,5,3,1,1,0,2,3.9200467269569855e-06,0.4,0.2,0.2,0.0,-73.936921,40.849084
GREYSTONE AV / RIVERDALE AV,7,3,3,1,0,4,3.9200467269569855e-06,0.5714285714285714,0.42857142857142855,0.14285714285714285,0.0,-73.93901,40.843946
ORLOFF AV / W 238 ST,10,3,0,5,2,7,3.9200467269569855e-06,0.7,0.0,0.5,0.2,-73.9324955,40.856994
UNIVERSITY AV / W 174 ST,10,3,1,6,0,7,3.9200467269569855e-06,0.7,0.1,0.6,0.0,-73.936786,40.849171
EAST TREMONT AV / SOUTHERN BLVD,3,3,0,0,0,0,3.9200467269569855e-06,0.0,0.0,0.0,0.0,-73.935884,40.850007
WHITE PLAINS RD / WOOD AV,4,3,0,1,0,1,3.9200467269569855e-06,0.25,0.0,0.25,0.0,-73.93681649999999,40.8491545
31 ST / ASTORIA BL,3,3,0,0,0,0,3.9200467269569855e-06,0.0,0.0,0.0,0.0,-73.946622,40.808253
11 AV / W 17 ST,9,3,4,2,0,6,3.9200467269569855e-06,0.6666666666666666,0.4444444444444444,0.2222222222222222,0.0,-74.004389,40.747845
E 169 ST / FRANKLIN AV,8,3,4,1,0,5,3.9200467269569855e-06,0.625,0.5,0.125,0.0,-73.9368605,40.8490855
1910 UNIVERSITY AV / UNIVERSITY AV,6,3,2,0,1,3,3.9200467269569855e-06,0.5,0.3333333333333333,0.0,0.16666666666666666,-73.9277895,40.86528
BEDFORD AV / BROADWAY,3,3,0,0,0,0,3.9200467269569855e-06,0.0,0.0,0.0,0.0,-73.990058,40.720103
79 ST TRANSVERSE / CENTRAL PARK WEST,13,3,7,2,1,10,3.9200467269569855e-06,0.7692307692307693,0.5384615384615384,0.15384615384615385,0.07692307692307693,-73.963615,40.776927
E 161 ST / RIVER AV,7,3,4,0,0,4,3.9200467269569855e-06,0.5714285714285714,0.5714285714285714,0.0,0.0,-73.94173,40.83335
E 167 ST / WEBSTER AV,4,2,2,0,0,2,2.61336448463799e-06,0.5,0.5,0.0,0.0,-73.9839825,40.737655000000004
LGA / MARINE AIR TERMINAL,5,2,2,1,0,3,2.61336448463799e-06,0.6,0.4,0.2,0.0,-73.947294,40.808133
BAY 3 / WILLIAMSBURG BRIDGE PLAZA,2,2,0,0,0,0,2.61336448463799e-06,0.0,0.0,0.0,0.0,-73.9900585,40.719581500000004
COLUMBIA ST / RIVINGTON ST,5,2,1,1,1,3,2.61336448463799e-06,0.6,0.2,0.2,0.2,-73.980506,40.737668
RIVERDALE AV / W 259 ST,4,2,1,1,0,2,2.61336448463799e-06,0.5,0.25,0.25,0.0,-73.929136,40.858956500000005
SAINT NICHOLAS AV / W 192 ST,2,2,0,0,0,0,2.61336448463799e-06,0.0,0.0,0.0,0.0,-73.976069,40.7423525
FORT INDEPENDENCE ST / HEATH AV,4,2,2,0,0,2,2.61336448463799e-06,0.5,0.5,0.0,0.0,-73.936778,40.8490905
RIVERDALE AV / W 260 ST,3,2,1,0,0,1,2.61336448463799e-06,0.3333333333333333,0.3333333333333333,0.0,0.0,-73.934749,40.849812
555 FDR DR / FDR DR,3,2,0,1,0,1,2.61336448463799e-06,0.3333333333333333,0.0,0.3333333333333333,0.0,-73.990103,40.750749
23 ST / JACKSON AV,4,2,2,0,0,2,2.61336448463799e-06,0.5,0.5,0.0,0.0,-73.990061,40.7198845
E 66 ST / YORK AV,14,2,9,1,2,12,2.61336448463799e-06,0.8571428571428571,0.6428571428571429,0.07142857142857142,0.14285714285714285,-73.954183,40.7750235
DELANCEY ST / FDR DR,7,2,5,0,0,5,2.61336448463799e-06,0.7142857142857143,0.7142857142857143,0.0,0.0,-73.979165,40.713754
CONVENT AV / W 145 ST,5,2,0,3,0,3,2.61336448463799e-06,0.6,0.0,0.6,0.0,-73.940283,40.840487
MALCOLM X BLVD / W 145 ST,102,2,50,9,41,100,2.61336448463799e-06,0.9803921568627451,0.49019607843137253,0.08823529411764706,0.4019607843137255,-73.93706850000001,40.8194275
BROADWAY / W 207 ST BAY 1,3,2,1,0,0,1,2.61336448463799e-06,0.3333333333333333,0.3333333333333333,0.0,0.0,-73.916595,40.867632
ELIZABETH PL / OLD FULTON ST,2,2,0,0,0,0,2.61336448463799e-06,0.0,0.0,0.0,0.0,-74.00544500000001,40.7065695
ARTHUR AV / EAST TREMONT AV,2,2,0,0,0,0,2.61336448463799e-06,0.0,0.0,0.0,0.0,-73.941818,40.833175499999996
BROADWAY / DRIGGS AV,2,2,0,0,0,0,2.61336448463799e-06,0.0,0.0,0.0,0.0,-73.99015800000001,40.7196755
E 169 ST / INTERVALE AV,2,2,0,0,0,0,2.61336448463799e-06,0.0,0.0,0.0,0.0,-73.938345,40.8178525
RIVERDALE AV / W 254 ST,4,2,2,0,0,2,2.61336448463799e-06,0.5,0.5,0.0,0.0,-73.932863,40.85613
E 63 ST / YORK AV,23,2,20,1,0,21,2.61336448463799e-06,0.9130434782608695,0.8695652173913043,0.043478260869565216,0.0,-73.95679,40.762677
MANHATTAN AV / W 112 ST,9,2,4,2,1,7,2.61336448463799e-06,0.7777777777777778,0.4444444444444444,0.2222222222222222,0.1111111111111111,-73.958741,40.802346
LAGUARDIA AIRPORT / TERMINAL C,4,2,1,1,0,2,2.61336448463799e-06,0.5,0.25,0.25,0.0,-73.9364595,40.8034735
E 174 ST / SOUTHERN BLVD,3,2,1,0,0,1,2.61336448463799e-06,0.3333333333333333,0.3333333333333333,0.0,0.0,-73.937944,40.847722
E 176 ST / SOUTHERN BLVD,2,2,0,0,0,0,2.61336448463799e-06,0.0,0.0,0.0,0.0,-73.94661099999999,40.826581000000004
109 AV / 157 ST,8,2,2,4,0,6,2.61336448463799e-06,0.75,0.25,0.5,0.0,-73.9546915,40.77771
JAY ST / TILLARY ST,6,2,2,0,2,4,2.61336448463799e-06,0.6666666666666666,0.3333333333333333,0.0,0.3333333333333333,-73.95190149999999,40.7806385
E HOUSTON ST / FORSYTH ST,5,2,2,0,1,3,2.61336448463799e-06,0.6,0.4,0.0,0.2,-73.990798,40.723511
E 189 ST / SOUTHERN BLVD,4,2,0,1,1,2,2.61336448463799e-06,0.5,0.0,0.25,0.25,-73.94401500000001,40.830245000000005
10 AV / W 55 ST,19,2,14,1,2,17,2.61336448463799e-06,0.8947368421052632,0.7368421052631579,0.05263157894736842,0.10526315789473684,-73.988966,40.768518
MORTON PL / UNIVERSITY AV,5,2,2,1,0,3,2.61336448463799e-06,0.6,0.4,0.2,0.0,-73.932277,40.857422
BROADWAY / W 240 ST,1,1,0,0,0,0,1.306682242318995e-06,0.0,0.0,0.0,0.0,-73.941827,40.833121
HENRY HUDSON PKWY EAST / W 227 ST,1,1,0,0,0,0,1.306682242318995e-06,0.0,0.0,0.0,0.0,-73.936718,40.849247
GOLD ST / TILLARY ST,4,1,1,0,2,3,1.306682242318995e-06,0.75,0.25,0.0,0.5,-73.94986800000001,40.7779595
GOLD ST / YORK ST,1,1,0,0,0,0,1.306682242318995e-06,0.0,0.0,0.0,0.0,-73.949195,40.776999
SUTTON PL / SUTTON SQ,4,1,3,0,0,3,1.306682242318995e-06,0.75,0.75,0.0,0.0,-73.95749699999999,40.768823
BROADWAY / W 242 ST,1,1,0,0,0,0,1.306682242318995e-06,0.0,0.0,0.0,0.0,-73.913843,40.871381
BAY PLAZA BLVD / J C PENNY,3,1,2,0,0,2,1.306682242318995e-06,0.6666666666666666,0.6666666666666666,0.0,0.0,-73.935244,40.851164
HENRY HUDSON PKWY EAST / W 235 ST,1,1,0,0,0,0,1.306682242318995e-06,0.0,0.0,0.0,0.0,-73.936822,40.84914
HENRY HUDSON PKWY EAST / W 238 ST,1,1,0,0,0,0,1.306682242318995e-06,0.0,0.0,0.0,0.0,-73.9355,40.850688
RIVERSIDE DR / W 145 ST,1,1,0,0,0,0,1.306682242318995e-06,0.0,0.0,0.0,0.0,-73.945988,40.827491
HENRY HUDSON PKWY EAST / W 250 ST,2,1,0,1,0,1,1.306682242318995e-06,0.5,0.0,0.5,0.0,-73.93727,40.848769000000004
HENRY HUDSON PKWY WEST / W 237 ST,1,1,0,0,0,0,1.306682242318995e-06,0.0,0.0,0.0,0.0,-73.936886,40.849091
HENRY HUDSON PKWY WEST / W 246 ST,5,1,1,2,1,4,1.306682242318995e-06,0.8,0.2,0.4,0.2,-73.936768,40.849201
HENRY HUDSON PKWY WEST / W 249 ST,1,1,0,0,0,0,1.306682242318995e-06,0.0,0.0,0.0,0.0,-73.935716,40.841544
BAY PLAZA / MALL,1,1,0,0,0,0,1.306682242318995e-06,0.0,0.0,0.0,0.0,-73.929985,40.862938
IRWIN AV / JOHNSON AV,2,1,0,0,1,1,1.306682242318995e-06,0.5,0.0,0.0,0.5,-73.93485949999999,40.852633999999995
JENNINGS ST / SOUTHERN BLVD,1,1,0,0,0,0,1.306682242318995e-06,0.0,0.0,0.0,0.0,-73.938084,40.800516
JOHNSON AV / KAPPOCK ST,2,1,0,1,0,1,1.306682242318995e-06,0.5,0.0,0.5,0.0,-73.9367865,40.836679000000004
KAPPOCK ST / KNOLLS CRES,1,1,0,0,0,0,1.306682242318995e-06,0.0,0.0,0.0,0.0,-73.936607,40.84939
KINGSBRIDGE AV / W 231 ST,2,1,1,0,0,1,1.306682242318995e-06,0.5,0.5,0.0,0.0,-73.934864,40.8526915
GILES PL / SEDGWICK AV,3,1,1,0,1,2,1.306682242318995e-06,0.6666666666666666,0.3333333333333333,0.0,0.3333333333333333,-73.938135,40.847229
ANTHONY AV / EAST TREMONT AV,1,1,0,0,0,0,1.306682242318995e-06,0.0,0.0,0.0,0.0,-73.936071,40.849838
MALCOLM X BLVD / W 122 ST,78,1,52,4,21,77,1.306682242318995e-06,0.9871794871794872,0.6666666666666666,0.05128205128205128,0.2692307692307692,-73.9461525,40.806805
7 AV / W 54 ST,28,1,9,2,16,27,1.306682242318995e-06,0.9642857142857143,0.32142857142857145,0.07142857142857142,0.5714285714285714,-73.9816235,40.7634295
AMSTERDAM AV / W 77 ST,20,1,9,0,10,19,1.306682242318995e-06,0.95,0.45,0.0,0.5,-73.97900949999999,40.782155
E 167 ST / SOUTHERN BLVD,1,1,0,0,0,0,1.306682242318995e-06,0.0,0.0,0.0,0.0,-73.937659,40.801171
E 167 ST / MORRIS AV,1,1,0,0,0,0,1.306682242318995e-06,0.0,0.0,0.0,0.0,-73.933879,40.844084
23 AV / 87 ST,2,1,0,0,1,1,1.306682242318995e-06,0.5,0.0,0.0,0.5,-73.9341625,40.8030165
E 167 ST / GRAND CONCOURSE,2,1,0,0,1,1,1.306682242318995e-06,0.5,0.0,0.0,0.5,-73.928275,40.8556345
E 163 ST / SOUTHERN BLVD,1,1,0,0,0,0,1.306682242318995e-06,0.0,0.0,0.0,0.0,-73.93717,40.801849
E 153 ST / GRAND CONCOURSE,1,1,0,0,0,0,1.306682242318995e-06,0.0,0.0,0.0,0.0,-73.915827,40.868783
23 AV / 94 ST,4,1,2,0,1,3,1.306682242318995e-06,0.75,0.5,0.0,0.25,-73.94286199999999,40.8027725
EAST TREMONT AV / WHITE PLAINS RD,2,1,0,1,0,1,1.306682242318995e-06,0.5,0.0,0.5,0.0,-73.94252449999999,40.8322285
E 149 ST / MELROSE AV,1,1,0,0,0,0,1.306682242318995e-06,0.0,0.0,0.0,0.0,-73.936799,40.849112
EAST TREMONT AV / WEBSTER AV,1,1,0,0,0,0,1.306682242318995e-06,0.0,0.0,0.0,0.0,-73.937966,40.847729
3 AV / CROSS BRONX EXPWY,1,1,0,0,0,0,1.306682242318995e-06,0.0,0.0,0.0,0.0,-73.936858,40.849102
3 AV / E 168 ST,1,1,0,0,0,0,1.306682242318995e-06,0.0,0.0,0.0,0.0,-73.958154,40.773069
E 167 ST / WEST FARMS RD,2,1,0,1,0,1,1.306682242318995e-06,0.5,0.0,0.5,0.0,-73.93782350000001,40.8480625
78 ST / DITMARS BLVD,1,1,0,0,0,0,1.306682242318995e-06,0.0,0.0,0.0,0.0,-73.963472,40.761826
3 AV / E 173 ST,1,1,0,0,0,0,1.306682242318995e-06,0.0,0.0,0.0,0.0,-73.936672,40.84928
COLUMBUS AV / W 78 ST,14,1,10,2,1,13,1.306682242318995e-06,0.9285714285714286,0.7142857142857143,0.14285714285714285,0.07142857142857142,-73.9650715,40.784285499999996
E 172 ST / GRAND CONCOURSE,1,1,0,0,0,0,1.306682242318995e-06,0.0,0.0,0.0,0.0,-73.918397,40.865188
3 AV / EAST FORDHAM RD,2,1,0,0,1,1,1.306682242318995e-06,0.5,0.0,0.0,0.5,-73.936856,40.836559
MALCOLM X BLVD / W 135 ST,40,1,26,2,11,39,1.306682242318995e-06,0.975,0.65,0.05,0.275,-73.94158300000001,40.8131865
E 52 ST / LEXINGTON AV,1,1,0,0,0,0,1.306682242318995e-06,0.0,0.0,0.0,0.0,-73.948829,40.781904
CENTRAL PARK W / E 79 ST TRANSVERSE RD,1,1,0,0,0,0,1.306682242318995e-06,0.0,0.0,0.0,0.0,-73.992089,40.751646
MALCOLM X BLVD / W 129 ST,65,1,45,8,11,64,1.306682242318995e-06,0.9846153846153847,0.6923076923076923,0.12307692307692308,0.16923076923076924,-73.943308,40.810617
MALCOLM X BLVD / W 127 ST,58,1,41,4,12,57,1.306682242318995e-06,0.9827586206896551,0.7068965517241379,0.06896551724137931,0.20689655172413793,-73.9448075,40.8088215
77 ST / ASTORIA BLVD SOUTH,3,1,1,1,0,2,1.306682242318995e-06,0.6666666666666666,0.3333333333333333,0.3333333333333333,0.0,-73.95609,40.813032
7 AV / W 17 ST,3,0,3,0,0,3,0.0,1.0,1.0,0.0,0.0,-73.998032,40.74082
SAINT NICHOLAS AV / W 145 ST,1,0,1,0,0,1,0.0,1.0,1.0,0.0,0.0,-73.935014,40.842509
7 AV / W 25 ST,3,0,3,0,0,3,0.0,1.0,1.0,0.0,0.0,-73.995131,40.744983
7 AV / W 20 ST,8,0,7,1,0,8,0.0,1.0,0.875,0.125,0.0,-73.9972025,40.7419775
7 AV / W 41 ST,1,0,1,0,0,1,0.0,1.0,1.0,0.0,0.0,-73.937414,40.818902
7 AV / W 28 ST,5,0,3,0,2,5,0.0,1.0,0.6,0.0,0.4,-73.994395,40.745849
7 AV / W 31 ST,21,0,21,0,0,21,0.0,1.0,1.0,0.0,0.0,-73.992576,40.748329
7 AV / W 52 ST,25,0,24,0,1,25,0.0,1.0,0.96,0.0,0.04,-73.983328,40.761068
7 AV / W 50 ST,21,0,18,1,2,21,0.0,1.0,0.8571428571428571,0.047619047619047616,0.09523809523809523,-73.983788,40.760408
7 AV / W 44 ST,13,0,10,2,1,13,0.0,1.0,0.7692307692307693,0.15384615384615385,0.07692307692307693,-73.986782,40.756346
7 AV / W 36 ST,1,0,1,0,0,1,0.0,1.0,1.0,0.0,0.0,-73.990669,40.750904
E 77 ST / YORK AV,155,0,138,6,11,155,0.0,1.0,0.8903225806451613,0.03870967741935484,0.07096774193548387,-73.952001,40.769267
6 AV / W 34 ST,17,0,15,0,2,17,0.0,1.0,0.8823529411764706,0.0,0.11764705882352941,-73.98743,40.75017
7 AV / CENTRAL PARK SOUTH,5,0,4,0,1,5,0.0,1.0,0.8,0.0,0.2,-73.979325,40.766627
6 AV / W 54 ST,1,0,0,0,1,1,0.0,1.0,0.0,0.0,1.0,-73.977569,40.763778
WESTCHESTER AV / WHITE PLAINS RD,1,0,1,0,0,1,0.0,1.0,1.0,0.0,0.0,-73.939146,40.843388
1 AV / E 80 ST,142,0,78,14,50,142,0.0,1.0,0.5492957746478874,0.09859154929577464,0.352112676056338,-73.95107,40.774497
11 AV / W 15 ST,2,0,2,0,0,2,0.0,1.0,1.0,0.0,0.0,-73.983199,40.745798
11 AV / W 54 ST,18,0,9,6,3,18,0.0,1.0,0.5,0.3333333333333333,0.16666666666666666,-73.9897765,40.7674455
2 AV / E 97 ST,33,0,26,1,6,33,0.0,1.0,0.7878787878787878,0.030303030303030304,0.18181818181818182,-73.946691,40.784887
21 ST / BROADWAY,2,0,2,0,0,2,0.0,1.0,1.0,0.0,0.0,-73.9532835,40.7785415
3 AV / E 140 ST,7,0,3,1,3,7,0.0,1.0,0.42857142857142855,0.14285714285714285,0.42857142857142855,-73.934356,40.852818
3 AV / E 144 ST,2,0,2,0,0,2,0.0,1.0,1.0,0.0,0.0,-73.938211,40.8469595
3 AV / E 175 ST,1,0,0,1,0,1,0.0,1.0,0.0,1.0,0.0,-73.953056,40.811027
3 AV / E 64 ST,1,0,1,0,0,1,0.0,1.0,1.0,0.0,0.0,-73.962291,40.763502
3 AV / EAST TREMONT AV,2,0,1,1,0,2,0.0,1.0,0.5,0.5,0.0,-73.93663592616356,40.85149907127637
5 AV / E 61 ST,9,0,5,2,2,9,0.0,1.0,0.5555555555555556,0.2222222222222222,0.2222222222222222,-73.97272054232475,40.764805455170055
6 AV / CENTRAL PARK SOUTH,5,0,5,0,0,5,0.0,1.0,1.0,0.0,0.0,-73.977222,40.766138
6 AV / W 16 ST,2,0,2,0,0,2,0.0,1.0,1.0,0.0,0.0,-73.97674,40.75207
6 AV / W 18 ST,2,0,1,0,1,2,0.0,1.0,0.5,0.0,0.5,-73.976726,40.752109000000004
6 AV / W 20 ST,2,0,2,0,0,2,0.0,1.0,1.0,0.0,0.0,-73.99296749999999,40.7426465
6 AV / W 27 ST,17,0,11,1,5,17,0.0,1.0,0.6470588235294118,0.058823529411764705,0.29411764705882354,-73.990312,40.746225
6 AV / W 29 ST,18,0,13,2,3,18,0.0,1.0,0.7222222222222222,0.1111111111111111,0.16666666666666666,-73.98952,40.74738000000001
6 AV / W 31 ST,14,0,9,1,4,14,0.0,1.0,0.6428571428571429,0.07142857142857142,0.2857142857142857,-73.937457,40.8113845
ACCESS RD / PARKING RAMP,1,0,1,0,0,1,0.0,1.0,1.0,0.0,0.0,-73.93890364061073,40.84074551725625
6 AV / W 38 ST,11,0,6,1,4,11,0.0,1.0,0.5454545454545454,0.09090909090909091,0.36363636363636365,-73.985592,40.752753
SEDGWICK AV / W FORDHAM RD,1,0,0,1,0,1,0.0,1.0,0.0,1.0,0.0,-73.916792,40.867428
6 AV / W 40 ST,8,0,5,0,3,8,0.0,1.0,0.625,0.0,0.375,-73.9844295,40.7543405
6 AV / W 45 ST,4,0,3,0,1,4,0.0,1.0,0.75,0.0,0.25,-73.9821695,40.7575815
6 AV / W 47 ST,2,0,1,0,1,2,0.0,1.0,0.5,0.0,0.5,-73.9812735,40.7586
6 AV / W 50 ST,10,0,6,0,4,10,0.0,1.0,0.6,0.0,0.4,-73.9382075,40.817823000000004
6 AV / W 51 ST,3,0,3,0,0,3,0.0,1.0,1.0,0.0,0.0,-73.979316,40.761394
8 AV / COLUMBUS CIRCLE,5,0,1,0,4,5,0.0,1.0,0.2,0.0,0.8,-73.981017,40.76768
LAGUARDIA AIRPORT / TERMINAL B,1,0,1,0,0,1,0.0,1.0,1.0,0.0,0.0,-73.967749,40.801835
AMSTERDAM AV / W 100 ST,9,0,8,0,1,9,0.0,1.0,0.8888888888888888,0.0,0.1111111111111111,-73.967939,40.797355
COLUMBUS AV / W 97 ST,21,0,20,0,1,21,0.0,1.0,0.9523809523809523,0.0,0.047619047619047616,-73.967643,40.792739
BROADWAY / W 63 ST,35,0,31,1,3,35,0.0,1.0,0.8857142857142857,0.02857142857142857,0.08571428571428572,-73.982091,40.771705
BROADWAY / W 64 ST,59,0,46,8,5,59,0.0,1.0,0.7796610169491526,0.13559322033898305,0.0847457627118644,-73.982221,40.770289
BROADWAY / W 66 ST,29,0,29,0,0,29,0.0,1.0,1.0,0.0,0.0,-73.982079,40.775765
BROADWAY / W 69 ST,46,0,41,2,3,46,0.0,1.0,0.8913043478260869,0.043478260869565216,0.06521739130434782,-73.982023,40.7772695
CENTRAL PARK SOUTH / COLUMBUS CIRCLE,100,0,76,2,22,100,0.0,1.0,0.76,0.02,0.22,-73.98053999999999,40.767492000000004
COLUMBUS AV / W 100 ST,48,0,44,1,3,48,0.0,1.0,0.9166666666666666,0.020833333333333332,0.0625,-73.966359,40.794473499999995
COLUMBUS AV / W 102 ST,12,0,9,0,3,12,0.0,1.0,0.75,0.0,0.25,-73.965054,40.796317
COLUMBUS AV / W 66 ST,2,0,2,0,0,2,0.0,1.0,1.0,0.0,0.0,-73.981698,40.7734365
COLUMBUS AV / W 69 ST,17,0,13,2,2,17,0.0,1.0,0.7647058823529411,0.11764705882352941,0.11764705882352941,-73.98117,40.774157
COLUMBUS AV / W 72 ST,6,0,6,0,0,6,0.0,1.0,1.0,0.0,0.0,-73.97934749999999,40.776692999999995
COLUMBUS AV / W 75 ST,6,0,5,0,1,6,0.0,1.0,0.8333333333333334,0.0,0.16666666666666666,-73.97809849999999,40.778399
COLUMBUS AV / W 89 ST,11,0,9,0,2,11,0.0,1.0,0.8181818181818182,0.0,0.18181818181818182,-73.971748,40.787078
COLUMBUS AV / W 92 ST,20,0,12,1,7,20,0.0,1.0,0.6,0.05,0.35,-73.97051300000001,40.7888265
COLUMBUS AV / W 94 ST,57,0,11,43,3,57,0.0,1.0,0.19298245614035087,0.7543859649122807,0.05263157894736842,-73.969024,40.790815
COURTLANDT AV / E 149 ST,1,0,0,1,0,1,0.0,1.0,0.0,1.0,0.0,-73.936859,40.849143
BROADWAY / W 61 ST,65,0,54,5,6,65,0.0,1.0,0.8307692307692308,0.07692307692307693,0.09230769230769231,-73.982046,40.770217
DECATUR AV / EAST FORDHAM RD,1,0,0,1,0,1,0.0,1.0,0.0,1.0,0.0,-73.91597,40.868624
E 149 ST / SOUTHERN BLVD,1,0,1,0,0,1,0.0,1.0,1.0,0.0,0.0,-73.942555,40.83218
E 149 ST / TRINITY AV,1,0,0,1,0,1,0.0,1.0,0.0,1.0,0.0,-73.942207,40.832686
FIELD PL / GRAND CONCOURSE,1,0,1,0,0,1,0.0,1.0,1.0,0.0,0.0,-73.936791,40.849192
EDWARD L GRANT HWY / W 169 ST,1,0,0,0,1,1,0.0,1.0,0.0,0.0,1.0,-73.938343,40.846565
E 168 ST / PARK AV,1,0,1,0,0,1,0.0,1.0,1.0,0.0,0.0,-73.984905,40.736374
E 169 ST / GRAND CONCOURSE,1,0,1,0,0,1,0.0,1.0,1.0,0.0,0.0,-73.915969,40.868409
EAST TREMONT AV / THIERIOT AV,1,0,1,0,0,1,0.0,1.0,1.0,0.0,0.0,-73.936078,40.849801
EAST KINGSBRIDGE RD / GRAND CONCOURSE,1,0,1,0,0,1,0.0,1.0,1.0,0.0,0.0,-73.936736,40.849233
EAST FORDHAM RD / SOUTHERN BLVD,2,0,2,0,0,2,0.0,1.0,1.0,0.0,0.0,-73.929889,40.828902
E 187 ST / SOUTHERN BLVD,1,0,1,0,0,1,0.0,1.0,1.0,0.0,0.0,-73.936332,40.84955
E 204 ST / GRAND CONCOURSE,1,0,1,0,0,1,0.0,1.0,1.0,0.0,0.0,-73.936062,40.849804
E 47 ST / MADISON AV,8,0,3,4,1,8,0.0,1.0,0.375,0.5,0.125,-73.97655752771595,40.75720105602917
E 58 ST / SUTTON PL,7,0,5,1,1,7,0.0,1.0,0.7142857142857143,0.14285714285714285,0.14285714285714285,-73.960399,40.757864
GEORGE WASHINGTON BRIDGE / UNIVERSITY AV,1,0,0,1,0,1,0.0,1.0,0.0,1.0,0.0,-73.92784,40.865257
GRAND CONCOURSE / MCCLELLAN ST,2,0,0,0,2,2,0.0,1.0,0.0,0.0,1.0,-73.918743,40.8647135
AMSTERDAM AV / W 102 ST,27,0,26,0,1,27,0.0,1.0,0.9629629629629629,0.0,0.037037037037037035,-73.967283,40.798293
LGA / TERMINAL C,1,0,0,0,1,1,0.0,1.0,0.0,0.0,1.0,-73.949838,40.822135
AMSTERDAM AV / W 104 ST,7,0,6,0,1,7,0.0,1.0,0.8571428571428571,0.0,0.14285714285714285,-73.96605,40.799938
AMSTERDAM AV / W 72 ST,60,0,34,4,22,60,0.0,1.0,0.5666666666666667,0.06666666666666667,0.36666666666666664,-73.9804875,40.780169
AMSTERDAM AV / W 75 ST,42,0,31,1,10,42,0.0,1.0,0.7380952380952381,0.023809523809523808,0.23809523809523808,-73.97954949999999,40.781448499999996
MALCOLM X BLVD / W 147 ST,8,0,7,1,0,8,0.0,1.0,0.875,0.125,0.0,-73.937447,40.8226455
MALCOLM X BLVD / W 146 ST,23,0,10,3,10,23,0.0,1.0,0.43478260869565216,0.13043478260869565,0.43478260869565216,-73.935998,40.820872
MALCOLM X BLVD / W 142 ST,139,0,97,10,32,139,0.0,1.0,0.697841726618705,0.07194244604316546,0.2302158273381295,-73.937988,40.818151
MALCOLM X BLVD / W 139 ST,94,0,72,4,18,94,0.0,1.0,0.7659574468085106,0.0425531914893617,0.19148936170212766,-73.938457,40.817333500000004
MALCOLM X BLVD / W 137 ST,88,0,53,1,34,88,0.0,1.0,0.6022727272727273,0.011363636363636364,0.38636363636363635,-73.9404445,40.8147745
MALCOLM X BLVD / W 132 ST,62,0,48,0,14,62,0.0,1.0,0.7741935483870968,0.0,0.22580645161290322,-73.943028,40.811234999999996
AMSTERDAM AV / W 81 ST,17,0,12,0,5,17,0.0,1.0,0.7058823529411765,0.0,0.29411764705882354,-73.976638,40.785422
MALCOLM X BLVD / W 119 ST,75,0,54,2,19,75,0.0,1.0,0.72,0.02666666666666667,0.25333333333333335,-73.948859,40.803262
AMSTERDAM AV / W 83 ST,29,0,23,1,5,29,0.0,1.0,0.7931034482758621,0.034482758620689655,0.1724137931034483,-73.9759,40.786451
AMSTERDAM AV / W 89 ST,37,0,17,2,18,37,0.0,1.0,0.4594594594594595,0.05405405405405406,0.4864864864864865,-73.973348,40.789953
AMSTERDAM AV / W 91 ST,32,0,29,0,3,32,0.0,1.0,0.90625,0.0,0.09375,-73.972084,40.7916805
AMSTERDAM AV / W 93 ST,29,0,26,2,1,29,0.0,1.0,0.896551724137931,0.06896551724137931,0.034482758620689655,-73.971157,40.792965
GRAND CONCOURSE / MINERVA PL,1,0,1,0,0,1,0.0,1.0,1.0,0.0,0.0,-73.935263,40.851157
AMSTERDAM AV / W 98 ST,24,0,18,3,3,24,0.0,1.0,0.75,0.125,0.125,-73.9688,40.796203500000004
LENOX AV / W 135 ST,24,0,13,0,11,24,0.0,1.0,0.5416666666666666,0.0,0.4583333333333333,-73.940234,40.814903
LENOX AV / W 125 ST,35,0,21,5,9,35,0.0,1.0,0.6,0.14285714285714285,0.2571428571428571,-73.944853,40.808594
LENOX AV / W 116 ST,32,0,25,1,6,32,0.0,1.0,0.78125,0.03125,0.1875,-73.949158,40.802714
ARCHER ST / WHITE PLAINS RD,2,0,0,0,2,2,0.0,1.0,0.0,0.0,1.0,-73.936314,40.8495985
LAFAYETTE AV / WHITE PLAINS RD,2,0,1,1,0,2,0.0,1.0,0.5,0.5,0.0,-73.9427105,40.832074500000004
KINGSBRIDGE AV / W 230 ST,1,0,1,0,0,1,0.0,1.0,1.0,0.0,0.0,-73.913088,40.871917
HUNTS POINT AV / SENECA AV,1,0,1,0,0,1,0.0,1.0,1.0,0.0,0.0,-73.942188,40.832687
BAILEY AV / W 238 ST,3,0,2,1,0,3,0.0,1.0,0.6666666666666666,0.3333333333333333,0.0,-73.944749,40.829123
HENRY HUDSON PKWY WEST / W 252 ST,4,0,1,1,2,4,0.0,1.0,0.25,0.25,0.5,-73.93674999999999,40.8492365
HENRY HUDSON PKWY WEST / W 239 ST,1,0,1,0,0,1,0.0,1.0,1.0,0.0,0.0,-73.936647,40.849283
HENRY HUDSON PKWY WEST / W 236 ST,1,0,0,0,1,1,0.0,1.0,0.0,0.0,1.0,-73.936518,40.849452
BERGEN AV / E 148 ST,3,0,3,0,0,3,0.0,1.0,1.0,0.0,0.0,-73.938402,40.846605
BOTANICAL GARDENS / SOUTHERN BLVD,1,0,0,0,1,1,0.0,1.0,0.0,0.0,1.0,-73.946307,40.827089
1 AV / 25 ST,164,0,157,1,6,164,0.0,1.0,0.9573170731707317,0.006097560975609756,0.036585365853658534,-73.976968,40.738959
